[2026-06-02T11:32:22.148Z] [INFO] ✓ PostgreSQL 数据库连接成功
[2026-06-02T11:32:22.149Z] [INFO] ✓ PostgreSQL 数据库连接成功
[2026-06-02T11:32:22.150Z] [INFO] ✓ 服务器启动成功
[2026-06-02T11:32:22.150Z] [INFO]   - HTTP:  http://localhost:5001
[2026-06-02T11:32:22.150Z] [INFO]   - WS:    ws://localhost:5001
[2026-06-02T11:32:22.150Z] [INFO]   - 环境:  development
[0mPOST /api/auth/login [32m200[0m 107.512 ms - 665[0m
[0mPOST /api/auth/login [32m200[0m 91.454 ms - 664[0m
[0mGET /api/workflows [32m200[0m 12.199 ms - 653[0m
[0mGET /api/workflows [36m304[0m 1.574 ms - -[0m
[0mGET /api/workflows/144235dd-e37f-437d-9556-e1ec3734eb6f [32m200[0m 17.270 ms - 707[0m
[0mGET /api/workflows/144235dd-e37f-437d-9556-e1ec3734eb6f/nodes [32m200[0m 25.485 ms - 375[0m
[0mGET /api/workflows/144235dd-e37f-437d-9556-e1ec3734eb6f [36m304[0m 6.000 ms - -[0m
[0mGET /api/workflows/144235dd-e37f-437d-9556-e1ec3734eb6f/nodes [36m304[0m 3.726 ms - -[0m
[0mGET /api/workflows/144235dd-e37f-437d-9556-e1ec3734eb6f/connections [32m200[0m 33.541 ms - 40[0m
[0mGET /api/workflows/144235dd-e37f-437d-9556-e1ec3734eb6f [36m304[0m 2.091 ms - -[0m
[0mGET /api/workflows/144235dd-e37f-437d-9556-e1ec3734eb6f/connections [36m304[0m 2.007 ms - -[0m
[0mGET /api/workflows/144235dd-e37f-437d-9556-e1ec3734eb6f [36m304[0m 1.712 ms - -[0m
[2026-06-02T11:33:37.499Z] [INFO] 节点更新成功:
{
  "nodeId": "7cc612a1-e350-4fdf-b3a4-902fcac9e011",
  "userId": "eb748477-ab39-4cd3-9c18-8de0e83dc03e"
}
[0mPUT /api/nodes/7cc612a1-e350-4fdf-b3a4-902fcac9e011 [32m200[0m 15.348 ms - 385[0m
[2026-06-02T11:33:45.526Z] [INFO] 节点添加成功:
{
  "nodeId": "23131759-a341-4ceb-97c1-7c3b98409e00",
  "workflowId": "144235dd-e37f-437d-9556-e1ec3734eb6f"
}
[0mPOST /api/workflows/144235dd-e37f-437d-9556-e1ec3734eb6f/nodes [32m201[0m 15.088 ms - 374[0m
[2026-06-02T11:33:47.107Z] [INFO] 节点更新成功:
{
  "nodeId": "23131759-a341-4ceb-97c1-7c3b98409e00",
  "userId": "eb748477-ab39-4cd3-9c18-8de0e83dc03e"
}
[0mPUT /api/nodes/23131759-a341-4ceb-97c1-7c3b98409e00 [32m200[0m 6.175 ms - 378[0m
[2026-06-02T11:33:49.521Z] [INFO] 连接添加成功:
{
  "connectionId": "127dbe40-af75-4002-81f0-7bf0f3f68d6f",
  "workflowId": "144235dd-e37f-437d-9556-e1ec3734eb6f"
}
[0mPOST /api/workflows/144235dd-e37f-437d-9556-e1ec3734eb6f/connections [32m201[0m 9.845 ms - 343[0m
[2026-06-02T11:33:51.499Z] [INFO] 节点添加成功:
{
  "nodeId": "ebe61b0e-ac95-4230-ae37-bf6a6439c57d",
  "workflowId": "144235dd-e37f-437d-9556-e1ec3734eb6f"
}
[0mPOST /api/workflows/144235dd-e37f-437d-9556-e1ec3734eb6f/nodes [32m201[0m 5.563 ms - 382[0m
[2026-06-02T11:33:52.885Z] [INFO] 节点更新成功:
{
  "nodeId": "ebe61b0e-ac95-4230-ae37-bf6a6439c57d",
  "userId": "eb748477-ab39-4cd3-9c18-8de0e83dc03e"
}
[0mPUT /api/nodes/ebe61b0e-ac95-4230-ae37-bf6a6439c57d [32m200[0m 4.241 ms - 383[0m
[2026-06-02T11:33:55.014Z] [INFO] 连接添加成功:
{
  "connectionId": "77cbcf7d-317a-4172-8e42-a9ad1bf2ad46",
  "workflowId": "144235dd-e37f-437d-9556-e1ec3734eb6f"
}
[0mPOST /api/workflows/144235dd-e37f-437d-9556-e1ec3734eb6f/connections [32m201[0m 8.340 ms - 339[0m
[2026-06-02T11:33:56.216Z] [INFO] 节点更新成功:
{
  "nodeId": "23131759-a341-4ceb-97c1-7c3b98409e00",
  "userId": "eb748477-ab39-4cd3-9c18-8de0e83dc03e"
}
[0mPUT /api/nodes/23131759-a341-4ceb-97c1-7c3b98409e00 [32m200[0m 3.716 ms - 378[0m
[2026-06-02T11:33:59.092Z] [INFO] 节点更新成功:
{
  "nodeId": "23131759-a341-4ceb-97c1-7c3b98409e00",
  "userId": "eb748477-ab39-4cd3-9c18-8de0e83dc03e"
}
[0mPUT /api/nodes/23131759-a341-4ceb-97c1-7c3b98409e00 [32m200[0m 4.398 ms - 378[0m
[2026-06-02T11:34:02.213Z] [INFO] 节点更新成功:
{
  "nodeId": "23131759-a341-4ceb-97c1-7c3b98409e00",
  "userId": "eb748477-ab39-4cd3-9c18-8de0e83dc03e"
}
[0mPUT /api/nodes/23131759-a341-4ceb-97c1-7c3b98409e00 [32m200[0m 5.426 ms - 378[0m
[2026-06-02T11:34:11.892Z] [INFO] 节点添加成功:
{
  "nodeId": "409859a3-80f0-4b10-85f5-7a2f58f0f018",
  "workflowId": "144235dd-e37f-437d-9556-e1ec3734eb6f"
}
[0mPOST /api/workflows/144235dd-e37f-437d-9556-e1ec3734eb6f/nodes [32m201[0m 4.717 ms - 388[0m
[2026-06-02T11:34:13.660Z] [INFO] 节点更新成功:
{
  "nodeId": "409859a3-80f0-4b10-85f5-7a2f58f0f018",
  "userId": "eb748477-ab39-4cd3-9c18-8de0e83dc03e"
}
[0mPUT /api/nodes/409859a3-80f0-4b10-85f5-7a2f58f0f018 [32m200[0m 3.418 ms - 389[0m
[2026-06-02T11:34:15.931Z] [INFO] 连接添加成功:
{
  "connectionId": "6b288c31-3a83-4e5d-8a07-65601d7b77b7",
  "workflowId": "144235dd-e37f-437d-9556-e1ec3734eb6f"
}
[0mPOST /api/workflows/144235dd-e37f-437d-9556-e1ec3734eb6f/connections [32m201[0m 4.474 ms - 343[0m
[2026-06-02T11:34:18.495Z] [INFO] 工作流保存成功
{
  "workflowId": "144235dd-e37f-437d-9556-e1ec3734eb6f"
}
[0mPUT /api/workflows/144235dd-e37f-437d-9556-e1ec3734eb6f/save [32m200[0m 22.244 ms - -[0m
[2026-06-02T11:34:19.375Z] [INFO] 工作流保存成功
{
  "workflowId": "144235dd-e37f-437d-9556-e1ec3734eb6f"
}
[0mPUT /api/workflows/144235dd-e37f-437d-9556-e1ec3734eb6f/save [32m200[0m 8.787 ms - -[0m
[2026-06-02T11:34:19.582Z] [INFO] 工作流保存成功
{
  "workflowId": "144235dd-e37f-437d-9556-e1ec3734eb6f"
}
[0mPUT /api/workflows/144235dd-e37f-437d-9556-e1ec3734eb6f/save [32m200[0m 12.078 ms - -[0m
[2026-06-02T11:34:19.763Z] [INFO] 工作流保存成功
{
  "workflowId": "144235dd-e37f-437d-9556-e1ec3734eb6f"
}
[0mPUT /api/workflows/144235dd-e37f-437d-9556-e1ec3734eb6f/save [32m200[0m 13.942 ms - -[0m
[2026-06-02T11:34:19.944Z] [INFO] 工作流保存成功
{
  "workflowId": "144235dd-e37f-437d-9556-e1ec3734eb6f"
}
[0mPUT /api/workflows/144235dd-e37f-437d-9556-e1ec3734eb6f/save [32m200[0m 10.252 ms - -[0m
[0mGET /api/auth/me [32m200[0m 3.176 ms - 233[0m
[0mGET /api/auth/me [36m304[0m 1.337 ms - -[0m
[0mGET /api/workflows [36m304[0m 4.967 ms - -[0m
[0mGET /api/workflows [36m304[0m 1.649 ms - -[0m
[0mGET /api/workflows/49cd08d6-f27a-40fc-ab48-1bc100192805/connections [32m200[0m 2.039 ms - 40[0m
[0mGET /api/workflows/49cd08d6-f27a-40fc-ab48-1bc100192805 [32m200[0m 1.820 ms - -[0m
[0mGET /api/workflows/49cd08d6-f27a-40fc-ab48-1bc100192805/nodes [32m200[0m 2.550 ms - -[0m
[0mGET /api/workflows/49cd08d6-f27a-40fc-ab48-1bc100192805 [36m304[0m 2.247 ms - -[0m
[0mGET /api/workflows/49cd08d6-f27a-40fc-ab48-1bc100192805/connections [36m304[0m 5.267 ms - -[0m
[0mGET /api/workflows/49cd08d6-f27a-40fc-ab48-1bc100192805/nodes [36m304[0m 5.317 ms - -[0m
[0mGET /api/workflows/49cd08d6-f27a-40fc-ab48-1bc100192805 [36m304[0m 2.427 ms - -[0m
[0mGET /api/workflows/49cd08d6-f27a-40fc-ab48-1bc100192805 [36m304[0m 1.784 ms - -[0m
[2026-06-02T11:34:31.795Z] [INFO] 连接添加成功:
{
  "connectionId": "8df00345-db74-408e-b534-569ed0bdd65e",
  "workflowId": "49cd08d6-f27a-40fc-ab48-1bc100192805"
}
[0mPOST /api/workflows/49cd08d6-f27a-40fc-ab48-1bc100192805/connections [32m201[0m 3.516 ms - 339[0m
[2026-06-02T11:34:34.400Z] [INFO] 连接添加成功:
{
  "connectionId": "835a0925-ecb4-4f14-9e4e-6d4cfae28823",
  "workflowId": "49cd08d6-f27a-40fc-ab48-1bc100192805"
}
[0mPOST /api/workflows/49cd08d6-f27a-40fc-ab48-1bc100192805/connections [32m201[0m 4.161 ms - 340[0m
[2026-06-02T11:34:36.578Z] [INFO] 节点更新成功:
{
  "nodeId": "50a75b5a-af70-4674-8104-4ef6442bca57",
  "userId": "eb748477-ab39-4cd3-9c18-8de0e83dc03e"
}
[0mPUT /api/nodes/50a75b5a-af70-4674-8104-4ef6442bca57 [32m200[0m 3.822 ms - 507[0m
[2026-06-02T11:34:38.199Z] [INFO] 节点更新成功:
{
  "nodeId": "50a75b5a-af70-4674-8104-4ef6442bca57",
  "userId": "eb748477-ab39-4cd3-9c18-8de0e83dc03e"
}
[0mPUT /api/nodes/50a75b5a-af70-4674-8104-4ef6442bca57 [32m200[0m 4.131 ms - 507[0m
[2026-06-02T11:34:40.404Z] [INFO] 连接添加成功:
{
  "connectionId": "c0d92d8b-8074-4a63-afc5-efde9f4449b1",
  "workflowId": "49cd08d6-f27a-40fc-ab48-1bc100192805"
}
[0mPOST /api/workflows/49cd08d6-f27a-40fc-ab48-1bc100192805/connections [32m201[0m 4.117 ms - 343[0m
[2026-06-02T11:34:43.457Z] [INFO] 连接添加成功:
{
  "connectionId": "2617fd57-efa3-40a0-9cc7-f767febfe0f9",
  "workflowId": "49cd08d6-f27a-40fc-ab48-1bc100192805"
}
[0mPOST /api/workflows/49cd08d6-f27a-40fc-ab48-1bc100192805/connections [32m201[0m 4.637 ms - 343[0m
[2026-06-02T11:34:46.740Z] [INFO] 连接添加成功:
{
  "connectionId": "fccfdd2e-7428-44ee-800a-7ad97444a2af",
  "workflowId": "49cd08d6-f27a-40fc-ab48-1bc100192805"
}
[0mPOST /api/workflows/49cd08d6-f27a-40fc-ab48-1bc100192805/connections [32m201[0m 3.418 ms - 340[0m
[2026-06-02T11:34:48.593Z] [INFO] 节点更新成功:
{
  "nodeId": "58ffaa47-8914-4ae6-a68c-210a22bf8418",
  "userId": "eb748477-ab39-4cd3-9c18-8de0e83dc03e"
}
[0mPUT /api/nodes/58ffaa47-8914-4ae6-a68c-210a22bf8418 [32m200[0m 3.744 ms - 533[0m
[2026-06-02T11:34:50.066Z] [INFO] 工作流保存成功
{
  "workflowId": "49cd08d6-f27a-40fc-ab48-1bc100192805"
}
[0mPUT /api/workflows/49cd08d6-f27a-40fc-ab48-1bc100192805/save [32m200[0m 14.942 ms - -[0m
[2026-06-02T11:34:50.896Z] [INFO] 工作流保存成功
{
  "workflowId": "49cd08d6-f27a-40fc-ab48-1bc100192805"
}
[0mPUT /api/workflows/49cd08d6-f27a-40fc-ab48-1bc100192805/save [32m200[0m 13.014 ms - -[0m
[2026-06-02T11:34:51.065Z] [INFO] 工作流保存成功
{
  "workflowId": "49cd08d6-f27a-40fc-ab48-1bc100192805"
}
[0mPUT /api/workflows/49cd08d6-f27a-40fc-ab48-1bc100192805/save [32m200[0m 13.135 ms - -[0m
[0mGET /api/auth/me [36m304[0m 3.293 ms - -[0m
[0mGET /api/auth/me [36m304[0m 1.042 ms - -[0m
[0mGET /api/workflows [36m304[0m 1.501 ms - -[0m
[0mGET /api/workflows [36m304[0m 2.153 ms - -[0m
[0mGET /api/auth/me [36m304[0m 2.427 ms - -[0m
[0mGET /api/auth/me [36m304[0m 1.158 ms - -[0m
[0mGET /api/workflows [36m304[0m 2.209 ms - -[0m
[0mGET /api/workflows [36m304[0m 2.188 ms - -[0m
[0mGET /api/auth/me [36m304[0m 2.443 ms - -[0m
[0mGET /api/auth/me [36m304[0m 1.017 ms - -[0m
[0mGET /api/workflows [36m304[0m 1.589 ms - -[0m
[0mGET /api/workflows [36m304[0m 1.622 ms - -[0m
[0mGET /api/auth/me [36m304[0m 1.347 ms - -[0m
[0mGET /api/auth/me [36m304[0m 2.035 ms - -[0m
[0mGET /api/workflows [36m304[0m 1.816 ms - -[0m
[0mGET /api/workflows [36m304[0m 1.250 ms - -[0m
[0mGET /api/workflows/144235dd-e37f-437d-9556-e1ec3734eb6f/connections [32m200[0m 11.522 ms - 920[0m
[0mGET /api/workflows/144235dd-e37f-437d-9556-e1ec3734eb6f [32m200[0m 12.696 ms - -[0m
[0mGET /api/workflows/144235dd-e37f-437d-9556-e1ec3734eb6f/nodes [32m200[0m 12.629 ms - -[0m
[0mGET /api/workflows/144235dd-e37f-437d-9556-e1ec3734eb6f/connections [36m304[0m 2.825 ms - -[0m
[0mGET /api/workflows/144235dd-e37f-437d-9556-e1ec3734eb6f [36m304[0m 4.534 ms - -[0m
[0mGET /api/workflows/144235dd-e37f-437d-9556-e1ec3734eb6f/nodes [36m304[0m 5.304 ms - -[0m
[0mGET /api/workflows/144235dd-e37f-437d-9556-e1ec3734eb6f [36m304[0m 2.853 ms - -[0m
[0mGET /api/workflows/144235dd-e37f-437d-9556-e1ec3734eb6f [36m304[0m 1.804 ms - -[0m
[0mGET /api/auth/me [36m304[0m 1.564 ms - -[0m
[0mGET /api/auth/me [36m304[0m 0.940 ms - -[0m
[0mGET /api/workflows [36m304[0m 2.396 ms - -[0m
[0mGET /api/workflows [36m304[0m 2.083 ms - -[0m
[0mGET /api/workflows/49cd08d6-f27a-40fc-ab48-1bc100192805/connections [32m200[0m 3.763 ms - -[0m
[0mGET /api/workflows/49cd08d6-f27a-40fc-ab48-1bc100192805 [32m200[0m 2.464 ms - -[0m
[0mGET /api/workflows/49cd08d6-f27a-40fc-ab48-1bc100192805/nodes [32m200[0m 4.408 ms - -[0m
[0mGET /api/workflows/49cd08d6-f27a-40fc-ab48-1bc100192805/connections [36m304[0m 2.619 ms - -[0m
[0mGET /api/workflows/49cd08d6-f27a-40fc-ab48-1bc100192805 [36m304[0m 2.135 ms - -[0m
[0mGET /api/workflows/49cd08d6-f27a-40fc-ab48-1bc100192805/nodes [36m304[0m 2.684 ms - -[0m
[0mGET /api/workflows/49cd08d6-f27a-40fc-ab48-1bc100192805 [36m304[0m 3.063 ms - -[0m
[0mGET /api/workflows/49cd08d6-f27a-40fc-ab48-1bc100192805 [36m304[0m 1.993 ms - -[0m
[2026-06-02T11:35:25.260Z] [INFO] 节点更新成功:
{
  "nodeId": "720e19ed-c274-417e-941e-17cbe8ea23ef",
  "userId": "eb748477-ab39-4cd3-9c18-8de0e83dc03e"
}
[0mPUT /api/nodes/720e19ed-c274-417e-941e-17cbe8ea23ef [32m200[0m 3.901 ms - 512[0m
[0mGET /api/auth/me [36m304[0m 1574.082 ms - -[0m
[0mGET /api/auth/me [36m304[0m 20.753 ms - -[0m
[0mGET /api/workflows [36m304[0m 151.643 ms - -[0m
[0mGET /api/workflows [36m304[0m 17.027 ms - -[0m
[0mGET /api/auth/me [36m304[0m 2.910 ms - -[0m
[0mGET /api/auth/me [36m304[0m 1.206 ms - -[0m
[0mGET /api/workflows [36m304[0m 1.506 ms - -[0m
[0mGET /api/workflows [36m304[0m 1.570 ms - -[0m
[2026-06-02T14:51:54.246Z] [WARN] 认证失败:
"Invalid or expired token"
[0mGET /api/auth/me [33m401[0m 8.527 ms - 69[0m
[2026-06-02T14:51:54.256Z] [WARN] 认证失败:
"Invalid or expired token"
[0mGET /api/auth/me [33m401[0m 0.528 ms - 69[0m
[0mPOST /api/auth/login [32m200[0m 155.884 ms - 664[0m
[0mGET /api/workflows [36m304[0m 25.331 ms - -[0m
[0mGET /api/workflows [36m304[0m 1.578 ms - -[0m
[0mGET /api/workflows/144235dd-e37f-437d-9556-e1ec3734eb6f [36m304[0m 14.392 ms - -[0m
[0mGET /api/workflows/144235dd-e37f-437d-9556-e1ec3734eb6f/nodes [36m304[0m 27.391 ms - -[0m
[0mGET /api/workflows/144235dd-e37f-437d-9556-e1ec3734eb6f/connections [36m304[0m 19.478 ms - -[0m
[0mGET /api/workflows/144235dd-e37f-437d-9556-e1ec3734eb6f [36m304[0m 5.255 ms - -[0m
[0mGET /api/workflows/144235dd-e37f-437d-9556-e1ec3734eb6f/nodes [36m304[0m 3.620 ms - -[0m
[0mGET /api/workflows/144235dd-e37f-437d-9556-e1ec3734eb6f/connections [36m304[0m 4.497 ms - -[0m
[0mGET /api/workflows/144235dd-e37f-437d-9556-e1ec3734eb6f [36m304[0m 2.509 ms - -[0m
[0mGET /api/workflows/144235dd-e37f-437d-9556-e1ec3734eb6f [36m304[0m 2.063 ms - -[0m
[2026-06-02T14:53:42.966Z] [INFO] 节点更新成功:
{
  "nodeId": "7cc612a1-e350-4fdf-b3a4-902fcac9e011",
  "userId": "eb748477-ab39-4cd3-9c18-8de0e83dc03e"
}
[0mPUT /api/nodes/7cc612a1-e350-4fdf-b3a4-902fcac9e011 [32m200[0m 19.341 ms - 516[0m
[2026-06-02T14:53:44.353Z] [INFO] 节点更新成功:
{
  "nodeId": "ebe61b0e-ac95-4230-ae37-bf6a6439c57d",
  "userId": "eb748477-ab39-4cd3-9c18-8de0e83dc03e"
}
[0mPUT /api/nodes/ebe61b0e-ac95-4230-ae37-bf6a6439c57d [32m200[0m 4.309 ms - 490[0m
[2026-06-02T14:53:46.069Z] [INFO] 节点更新成功:
{
  "nodeId": "23131759-a341-4ceb-97c1-7c3b98409e00",
  "userId": "eb748477-ab39-4cd3-9c18-8de0e83dc03e"
}
[0mPUT /api/nodes/23131759-a341-4ceb-97c1-7c3b98409e00 [32m200[0m 3.350 ms - 479[0m
[2026-06-02T14:53:47.841Z] [INFO] 节点更新成功:
{
  "nodeId": "409859a3-80f0-4b10-85f5-7a2f58f0f018",
  "userId": "eb748477-ab39-4cd3-9c18-8de0e83dc03e"
}
[0mPUT /api/nodes/409859a3-80f0-4b10-85f5-7a2f58f0f018 [32m200[0m 7.604 ms - 500[0m
[0mGET /api/auth/me [36m304[0m 114.109 ms - -[0m
[0mGET /api/auth/me [36m304[0m 9.445 ms - -[0m
[0mGET /api/workflows [36m304[0m 22.213 ms - -[0m
[0mGET /api/workflows [36m304[0m 1.313 ms - -[0m
[0mGET /api/workflows/144235dd-e37f-437d-9556-e1ec3734eb6f [32m200[0m 20.722 ms - -[0m
[0mGET /api/workflows/144235dd-e37f-437d-9556-e1ec3734eb6f/connections [36m304[0m 24.397 ms - -[0m
[0mGET /api/workflows/144235dd-e37f-437d-9556-e1ec3734eb6f/nodes [32m200[0m 24.721 ms - -[0m
[0mGET /api/workflows/144235dd-e37f-437d-9556-e1ec3734eb6f [36m304[0m 3.362 ms - -[0m
[0mGET /api/workflows/144235dd-e37f-437d-9556-e1ec3734eb6f/nodes [36m304[0m 3.375 ms - -[0m
[0mGET /api/workflows/144235dd-e37f-437d-9556-e1ec3734eb6f/connections [36m304[0m 3.518 ms - -[0m
[0mGET /api/workflows/144235dd-e37f-437d-9556-e1ec3734eb6f [36m304[0m 2.155 ms - -[0m
[0mGET /api/workflows/144235dd-e37f-437d-9556-e1ec3734eb6f [36m304[0m 2.216 ms - -[0m
[0mGET /api/auth/me [36m304[0m 4.034 ms - -[0m
[0mGET /api/auth/me [36m304[0m 1.384 ms - -[0m
[0mGET /api/workflows [36m304[0m 5.423 ms - -[0m
[0mGET /api/workflows [36m304[0m 2.280 ms - -[0m
[0mGET /api/workflows/144235dd-e37f-437d-9556-e1ec3734eb6f/nodes [36m304[0m 4.778 ms - -[0m
[0mGET /api/workflows/144235dd-e37f-437d-9556-e1ec3734eb6f/connections [36m304[0m 4.480 ms - -[0m
[0mGET /api/workflows/144235dd-e37f-437d-9556-e1ec3734eb6f [36m304[0m 4.409 ms - -[0m
[0mGET /api/workflows/144235dd-e37f-437d-9556-e1ec3734eb6f/connections [36m304[0m 6.520 ms - -[0m
[0mGET /api/workflows/144235dd-e37f-437d-9556-e1ec3734eb6f [36m304[0m 5.970 ms - -[0m
[0mGET /api/workflows/144235dd-e37f-437d-9556-e1ec3734eb6f/nodes [36m304[0m 7.798 ms - -[0m
[0mGET /api/workflows/144235dd-e37f-437d-9556-e1ec3734eb6f [36m304[0m 8.459 ms - -[0m
[0mGET /api/workflows/144235dd-e37f-437d-9556-e1ec3734eb6f [36m304[0m 2.537 ms - -[0m
[0mGET /api/auth/me [36m304[0m 2.648 ms - -[0m
[0mGET /api/auth/me [36m304[0m 1.202 ms - -[0m
[0mGET /api/workflows [36m304[0m 5.334 ms - -[0m
[0mGET /api/workflows [36m304[0m 2.636 ms - -[0m
[0mGET /api/workflows/144235dd-e37f-437d-9556-e1ec3734eb6f/connections [36m304[0m 2.402 ms - -[0m
[0mGET /api/workflows/144235dd-e37f-437d-9556-e1ec3734eb6f [36m304[0m 2.113 ms - -[0m
[0mGET /api/workflows/144235dd-e37f-437d-9556-e1ec3734eb6f/nodes [36m304[0m 3.788 ms - -[0m
[0mGET /api/workflows/144235dd-e37f-437d-9556-e1ec3734eb6f/connections [36m304[0m 2.592 ms - -[0m
[0mGET /api/workflows/144235dd-e37f-437d-9556-e1ec3734eb6f [36m304[0m 1.955 ms - -[0m
[0mGET /api/workflows/144235dd-e37f-437d-9556-e1ec3734eb6f/nodes [36m304[0m 2.422 ms - -[0m
[0mGET /api/workflows/144235dd-e37f-437d-9556-e1ec3734eb6f [36m304[0m 2.273 ms - -[0m
[0mGET /api/workflows/144235dd-e37f-437d-9556-e1ec3734eb6f [36m304[0m 2.667 ms - -[0m
[0mGET /api/auth/me [36m304[0m 18.221 ms - -[0m
[0mGET /api/auth/me [36m304[0m 2.400 ms - -[0m
[0mGET /api/workflows [36m304[0m 5.632 ms - -[0m
[0mGET /api/workflows [36m304[0m 6.554 ms - -[0m
[0mGET /api/workflows/144235dd-e37f-437d-9556-e1ec3734eb6f/nodes [36m304[0m 3.220 ms - -[0m
[0mGET /api/workflows/144235dd-e37f-437d-9556-e1ec3734eb6f/connections [36m304[0m 2.745 ms - -[0m
[0mGET /api/workflows/144235dd-e37f-437d-9556-e1ec3734eb6f [36m304[0m 2.389 ms - -[0m
[0mGET /api/workflows/144235dd-e37f-437d-9556-e1ec3734eb6f/nodes [36m304[0m 4.053 ms - -[0m
[0mGET /api/workflows/144235dd-e37f-437d-9556-e1ec3734eb6f [36m304[0m 2.595 ms - -[0m
[0mGET /api/workflows/144235dd-e37f-437d-9556-e1ec3734eb6f/connections [36m304[0m 3.499 ms - -[0m
[0mGET /api/workflows/144235dd-e37f-437d-9556-e1ec3734eb6f [36m304[0m 3.931 ms - -[0m
[0mGET /api/workflows/144235dd-e37f-437d-9556-e1ec3734eb6f [36m304[0m 6.428 ms - -[0m
[0mGET /api/auth/me [36m304[0m 7.048 ms - -[0m
[0mGET /api/auth/me [36m304[0m 2.566 ms - -[0m
[0mGET /api/workflows [36m304[0m 1.430 ms - -[0m
[0mGET /api/workflows [36m304[0m 1.464 ms - -[0m
[0mGET /api/workflows/144235dd-e37f-437d-9556-e1ec3734eb6f/connections [36m304[0m 4.032 ms - -[0m
[0mGET /api/workflows/144235dd-e37f-437d-9556-e1ec3734eb6f/nodes [36m304[0m 11.097 ms - -[0m
[0mGET /api/workflows/144235dd-e37f-437d-9556-e1ec3734eb6f [36m304[0m 9.107 ms - -[0m
[0mGET /api/workflows/144235dd-e37f-437d-9556-e1ec3734eb6f/connections [36m304[0m 4.421 ms - -[0m
[0mGET /api/workflows/144235dd-e37f-437d-9556-e1ec3734eb6f/nodes [36m304[0m 1.834 ms - -[0m
[0mGET /api/workflows/144235dd-e37f-437d-9556-e1ec3734eb6f [36m304[0m 1.601 ms - -[0m
[0mGET /api/workflows/144235dd-e37f-437d-9556-e1ec3734eb6f [36m304[0m 2.114 ms - -[0m
[0mGET /api/workflows/144235dd-e37f-437d-9556-e1ec3734eb6f [36m304[0m 1.893 ms - -[0m
[2026-06-02T15:05:26.612Z] [INFO] 节点更新成功:
{
  "nodeId": "409859a3-80f0-4b10-85f5-7a2f58f0f018",
  "userId": "eb748477-ab39-4cd3-9c18-8de0e83dc03e"
}
[0mPUT /api/nodes/409859a3-80f0-4b10-85f5-7a2f58f0f018 [32m200[0m 20.304 ms - 500[0m
[2026-06-02T15:05:27.786Z] [INFO] 节点更新成功:
{
  "nodeId": "409859a3-80f0-4b10-85f5-7a2f58f0f018",
  "userId": "eb748477-ab39-4cd3-9c18-8de0e83dc03e"
}
[0mPUT /api/nodes/409859a3-80f0-4b10-85f5-7a2f58f0f018 [32m200[0m 3.897 ms - 500[0m
[2026-06-02T15:05:28.203Z] [INFO] 节点更新成功:
{
  "nodeId": "409859a3-80f0-4b10-85f5-7a2f58f0f018",
  "userId": "eb748477-ab39-4cd3-9c18-8de0e83dc03e"
}
[0mPUT /api/nodes/409859a3-80f0-4b10-85f5-7a2f58f0f018 [32m200[0m 3.940 ms - 500[0m
[2026-06-02T15:05:28.786Z] [INFO] 节点更新成功:
{
  "nodeId": "409859a3-80f0-4b10-85f5-7a2f58f0f018",
  "userId": "eb748477-ab39-4cd3-9c18-8de0e83dc03e"
}
[0mPUT /api/nodes/409859a3-80f0-4b10-85f5-7a2f58f0f018 [32m200[0m 11.587 ms - 500[0m
[2026-06-02T15:05:30.790Z] [INFO] 节点更新成功:
{
  "nodeId": "409859a3-80f0-4b10-85f5-7a2f58f0f018",
  "userId": "eb748477-ab39-4cd3-9c18-8de0e83dc03e"
}
[0mPUT /api/nodes/409859a3-80f0-4b10-85f5-7a2f58f0f018 [32m200[0m 4.788 ms - 500[0m
[2026-06-02T15:05:31.398Z] [INFO] 节点更新成功:
{
  "nodeId": "409859a3-80f0-4b10-85f5-7a2f58f0f018",
  "userId": "eb748477-ab39-4cd3-9c18-8de0e83dc03e"
}
[0mPUT /api/nodes/409859a3-80f0-4b10-85f5-7a2f58f0f018 [32m200[0m 5.848 ms - 500[0m
[2026-06-02T15:05:32.853Z] [INFO] 节点更新成功:
{
  "nodeId": "23131759-a341-4ceb-97c1-7c3b98409e00",
  "userId": "eb748477-ab39-4cd3-9c18-8de0e83dc03e"
}
[0mPUT /api/nodes/23131759-a341-4ceb-97c1-7c3b98409e00 [32m200[0m 9.365 ms - 479[0m
[2026-06-02T15:05:33.250Z] [INFO] 节点更新成功:
{
  "nodeId": "23131759-a341-4ceb-97c1-7c3b98409e00",
  "userId": "eb748477-ab39-4cd3-9c18-8de0e83dc03e"
}
[0mPUT /api/nodes/23131759-a341-4ceb-97c1-7c3b98409e00 [32m200[0m 4.125 ms - 479[0m
[2026-06-02T15:05:34.452Z] [INFO] 节点更新成功:
{
  "nodeId": "23131759-a341-4ceb-97c1-7c3b98409e00",
  "userId": "eb748477-ab39-4cd3-9c18-8de0e83dc03e"
}
[0mPUT /api/nodes/23131759-a341-4ceb-97c1-7c3b98409e00 [32m200[0m 5.751 ms - 479[0m
[2026-06-02T15:05:34.658Z] [INFO] 节点更新成功:
{
  "nodeId": "23131759-a341-4ceb-97c1-7c3b98409e00",
  "userId": "eb748477-ab39-4cd3-9c18-8de0e83dc03e"
}
[0mPUT /api/nodes/23131759-a341-4ceb-97c1-7c3b98409e00 [32m200[0m 2.767 ms - 479[0m
[2026-06-02T15:05:35.747Z] [INFO] 节点更新成功:
{
  "nodeId": "23131759-a341-4ceb-97c1-7c3b98409e00",
  "userId": "eb748477-ab39-4cd3-9c18-8de0e83dc03e"
}
[0mPUT /api/nodes/23131759-a341-4ceb-97c1-7c3b98409e00 [32m200[0m 5.624 ms - 479[0m
[2026-06-02T15:05:37.434Z] [INFO] 节点更新成功:
{
  "nodeId": "23131759-a341-4ceb-97c1-7c3b98409e00",
  "userId": "eb748477-ab39-4cd3-9c18-8de0e83dc03e"
}
[0mPUT /api/nodes/23131759-a341-4ceb-97c1-7c3b98409e00 [32m200[0m 4.696 ms - 479[0m
[2026-06-02T15:05:40.768Z] [INFO] 节点更新成功:
{
  "nodeId": "23131759-a341-4ceb-97c1-7c3b98409e00",
  "userId": "eb748477-ab39-4cd3-9c18-8de0e83dc03e"
}
[0mPUT /api/nodes/23131759-a341-4ceb-97c1-7c3b98409e00 [32m200[0m 4.318 ms - 479[0m
[2026-06-02T15:05:40.838Z] [INFO] 节点更新成功:
{
  "nodeId": "23131759-a341-4ceb-97c1-7c3b98409e00",
  "userId": "eb748477-ab39-4cd3-9c18-8de0e83dc03e"
}
[0mPUT /api/nodes/23131759-a341-4ceb-97c1-7c3b98409e00 [32m200[0m 4.654 ms - 479[0m
[2026-06-02T15:05:41.701Z] [INFO] 节点更新成功:
{
  "nodeId": "23131759-a341-4ceb-97c1-7c3b98409e00",
  "userId": "eb748477-ab39-4cd3-9c18-8de0e83dc03e"
}
[0mPUT /api/nodes/23131759-a341-4ceb-97c1-7c3b98409e00 [32m200[0m 4.339 ms - 479[0m
[2026-06-02T15:05:42.952Z] [INFO] 节点更新成功:
{
  "nodeId": "23131759-a341-4ceb-97c1-7c3b98409e00",
  "userId": "eb748477-ab39-4cd3-9c18-8de0e83dc03e"
}
[0mPUT /api/nodes/23131759-a341-4ceb-97c1-7c3b98409e00 [32m200[0m 7.307 ms - 479[0m
[2026-06-02T15:05:44.156Z] [INFO] 节点更新成功:
{
  "nodeId": "23131759-a341-4ceb-97c1-7c3b98409e00",
  "userId": "eb748477-ab39-4cd3-9c18-8de0e83dc03e"
}
[0mPUT /api/nodes/23131759-a341-4ceb-97c1-7c3b98409e00 [32m200[0m 4.358 ms - 479[0m
[2026-06-02T15:05:46.249Z] [INFO] 节点更新成功:
{
  "nodeId": "23131759-a341-4ceb-97c1-7c3b98409e00",
  "userId": "eb748477-ab39-4cd3-9c18-8de0e83dc03e"
}
[0mPUT /api/nodes/23131759-a341-4ceb-97c1-7c3b98409e00 [32m200[0m 4.670 ms - 479[0m
[2026-06-02T15:05:47.604Z] [INFO] 节点更新成功:
{
  "nodeId": "7cc612a1-e350-4fdf-b3a4-902fcac9e011",
  "userId": "eb748477-ab39-4cd3-9c18-8de0e83dc03e"
}
[0mPUT /api/nodes/7cc612a1-e350-4fdf-b3a4-902fcac9e011 [32m200[0m 3.658 ms - 516[0m
[2026-06-02T15:05:49.324Z] [INFO] 节点更新成功:
{
  "nodeId": "7cc612a1-e350-4fdf-b3a4-902fcac9e011",
  "userId": "eb748477-ab39-4cd3-9c18-8de0e83dc03e"
}
[0mPUT /api/nodes/7cc612a1-e350-4fdf-b3a4-902fcac9e011 [32m200[0m 4.309 ms - 516[0m
[2026-06-02T15:05:51.677Z] [INFO] 节点更新成功:
{
  "nodeId": "409859a3-80f0-4b10-85f5-7a2f58f0f018",
  "userId": "eb748477-ab39-4cd3-9c18-8de0e83dc03e"
}
[0mPUT /api/nodes/409859a3-80f0-4b10-85f5-7a2f58f0f018 [32m200[0m 4.558 ms - 500[0m
[2026-06-02T15:05:52.486Z] [INFO] 节点更新成功:
{
  "nodeId": "ebe61b0e-ac95-4230-ae37-bf6a6439c57d",
  "userId": "eb748477-ab39-4cd3-9c18-8de0e83dc03e"
}
[0mPUT /api/nodes/ebe61b0e-ac95-4230-ae37-bf6a6439c57d [32m200[0m 3.459 ms - 490[0m
[2026-06-02T15:05:53.137Z] [INFO] 节点更新成功:
{
  "nodeId": "ebe61b0e-ac95-4230-ae37-bf6a6439c57d",
  "userId": "eb748477-ab39-4cd3-9c18-8de0e83dc03e"
}
[0mPUT /api/nodes/ebe61b0e-ac95-4230-ae37-bf6a6439c57d [32m200[0m 3.009 ms - 490[0m
[2026-06-02T15:05:53.379Z] [INFO] 节点更新成功:
{
  "nodeId": "ebe61b0e-ac95-4230-ae37-bf6a6439c57d",
  "userId": "eb748477-ab39-4cd3-9c18-8de0e83dc03e"
}
[0mPUT /api/nodes/ebe61b0e-ac95-4230-ae37-bf6a6439c57d [32m200[0m 30.969 ms - 490[0m
[2026-06-02T15:05:55.625Z] [INFO] 节点更新成功:
{
  "nodeId": "ebe61b0e-ac95-4230-ae37-bf6a6439c57d",
  "userId": "eb748477-ab39-4cd3-9c18-8de0e83dc03e"
}
[0mPUT /api/nodes/ebe61b0e-ac95-4230-ae37-bf6a6439c57d [32m200[0m 7.383 ms - 490[0m
[2026-06-02T15:05:56.047Z] [INFO] 节点更新成功:
{
  "nodeId": "ebe61b0e-ac95-4230-ae37-bf6a6439c57d",
  "userId": "eb748477-ab39-4cd3-9c18-8de0e83dc03e"
}
[0mPUT /api/nodes/ebe61b0e-ac95-4230-ae37-bf6a6439c57d [32m200[0m 16.536 ms - 490[0m
[2026-06-02T15:05:56.211Z] [INFO] 节点更新成功:
{
  "nodeId": "ebe61b0e-ac95-4230-ae37-bf6a6439c57d",
  "userId": "eb748477-ab39-4cd3-9c18-8de0e83dc03e"
}
[0mPUT /api/nodes/ebe61b0e-ac95-4230-ae37-bf6a6439c57d [32m200[0m 8.743 ms - 490[0m
[2026-06-02T15:06:01.634Z] [INFO] 节点更新成功:
{
  "nodeId": "7cc612a1-e350-4fdf-b3a4-902fcac9e011",
  "userId": "eb748477-ab39-4cd3-9c18-8de0e83dc03e"
}
[0mPUT /api/nodes/7cc612a1-e350-4fdf-b3a4-902fcac9e011 [32m200[0m 6.957 ms - 516[0m
[2026-06-02T15:06:02.121Z] [INFO] 节点更新成功:
{
  "nodeId": "7cc612a1-e350-4fdf-b3a4-902fcac9e011",
  "userId": "eb748477-ab39-4cd3-9c18-8de0e83dc03e"
}
[0mPUT /api/nodes/7cc612a1-e350-4fdf-b3a4-902fcac9e011 [32m200[0m 9.401 ms - 516[0m
[2026-06-02T15:06:02.669Z] [INFO] 节点更新成功:
{
  "nodeId": "7cc612a1-e350-4fdf-b3a4-902fcac9e011",
  "userId": "eb748477-ab39-4cd3-9c18-8de0e83dc03e"
}
[0mPUT /api/nodes/7cc612a1-e350-4fdf-b3a4-902fcac9e011 [32m200[0m 16.489 ms - 516[0m
[2026-06-02T15:06:02.884Z] [INFO] 节点更新成功:
{
  "nodeId": "7cc612a1-e350-4fdf-b3a4-902fcac9e011",
  "userId": "eb748477-ab39-4cd3-9c18-8de0e83dc03e"
}
[0mPUT /api/nodes/7cc612a1-e350-4fdf-b3a4-902fcac9e011 [32m200[0m 25.348 ms - 516[0m
[2026-06-02T15:06:05.908Z] [INFO] 节点更新成功:
{
  "nodeId": "7cc612a1-e350-4fdf-b3a4-902fcac9e011",
  "userId": "eb748477-ab39-4cd3-9c18-8de0e83dc03e"
}
[0mPUT /api/nodes/7cc612a1-e350-4fdf-b3a4-902fcac9e011 [32m200[0m 7.167 ms - 516[0m
[2026-06-02T15:06:06.116Z] [INFO] 节点更新成功:
{
  "nodeId": "7cc612a1-e350-4fdf-b3a4-902fcac9e011",
  "userId": "eb748477-ab39-4cd3-9c18-8de0e83dc03e"
}
[0mPUT /api/nodes/7cc612a1-e350-4fdf-b3a4-902fcac9e011 [32m200[0m 33.986 ms - 516[0m
[2026-06-02T15:06:10.026Z] [INFO] 节点更新成功:
{
  "nodeId": "7cc612a1-e350-4fdf-b3a4-902fcac9e011",
  "userId": "eb748477-ab39-4cd3-9c18-8de0e83dc03e"
}
[0mPUT /api/nodes/7cc612a1-e350-4fdf-b3a4-902fcac9e011 [32m200[0m 3.661 ms - 516[0m
[2026-06-02T15:06:10.075Z] [INFO] 节点更新成功:
{
  "nodeId": "7cc612a1-e350-4fdf-b3a4-902fcac9e011",
  "userId": "eb748477-ab39-4cd3-9c18-8de0e83dc03e"
}
[0mPUT /api/nodes/7cc612a1-e350-4fdf-b3a4-902fcac9e011 [32m200[0m 3.805 ms - 516[0m
[2026-06-02T15:06:16.811Z] [INFO] 节点更新成功:
{
  "nodeId": "23131759-a341-4ceb-97c1-7c3b98409e00",
  "userId": "eb748477-ab39-4cd3-9c18-8de0e83dc03e"
}
[0mPUT /api/nodes/23131759-a341-4ceb-97c1-7c3b98409e00 [32m200[0m 9.520 ms - 479[0m
[2026-06-02T15:06:17.024Z] [INFO] 节点更新成功:
{
  "nodeId": "23131759-a341-4ceb-97c1-7c3b98409e00",
  "userId": "eb748477-ab39-4cd3-9c18-8de0e83dc03e"
}
[0mPUT /api/nodes/23131759-a341-4ceb-97c1-7c3b98409e00 [32m200[0m 25.109 ms - 479[0m
[2026-06-02T15:06:18.661Z] [INFO] 节点更新成功:
{
  "nodeId": "23131759-a341-4ceb-97c1-7c3b98409e00",
  "userId": "eb748477-ab39-4cd3-9c18-8de0e83dc03e"
}
[0mPUT /api/nodes/23131759-a341-4ceb-97c1-7c3b98409e00 [32m200[0m 3.671 ms - 479[0m
[2026-06-02T15:06:18.766Z] [INFO] 节点更新成功:
{
  "nodeId": "23131759-a341-4ceb-97c1-7c3b98409e00",
  "userId": "eb748477-ab39-4cd3-9c18-8de0e83dc03e"
}
[0mPUT /api/nodes/23131759-a341-4ceb-97c1-7c3b98409e00 [32m200[0m 27.128 ms - 479[0m
[2026-06-02T15:06:26.298Z] [INFO] 工作流保存成功
{
  "workflowId": "144235dd-e37f-437d-9556-e1ec3734eb6f"
}
[0mPUT /api/workflows/144235dd-e37f-437d-9556-e1ec3734eb6f/save [32m200[0m 34.770 ms - -[0m
[2026-06-02T15:06:28.467Z] [INFO] 工作流保存成功
{
  "workflowId": "144235dd-e37f-437d-9556-e1ec3734eb6f"
}
[0mPUT /api/workflows/144235dd-e37f-437d-9556-e1ec3734eb6f/save [32m200[0m 17.059 ms - -[0m
[2026-06-02T15:06:28.700Z] [INFO] 工作流保存成功
{
  "workflowId": "144235dd-e37f-437d-9556-e1ec3734eb6f"
}
[0mPUT /api/workflows/144235dd-e37f-437d-9556-e1ec3734eb6f/save [32m200[0m 16.348 ms - -[0m
[0mGET /api/auth/me [36m304[0m 2.612 ms - -[0m
[0mGET /api/auth/me [36m304[0m 1.058 ms - -[0m
[0mGET /api/workflows [36m304[0m 8.738 ms - -[0m
[0mGET /api/workflows [36m304[0m 4.671 ms - -[0m
[0mGET /api/workflows/144235dd-e37f-437d-9556-e1ec3734eb6f/connections [32m200[0m 4.476 ms - 920[0m
[0mGET /api/workflows/144235dd-e37f-437d-9556-e1ec3734eb6f/nodes [32m200[0m 5.797 ms - -[0m
[0mGET /api/workflows/144235dd-e37f-437d-9556-e1ec3734eb6f/connections [36m304[0m 1.625 ms - -[0m
[0mGET /api/workflows/144235dd-e37f-437d-9556-e1ec3734eb6f [32m200[0m 5.414 ms - -[0m
[0mGET /api/workflows/144235dd-e37f-437d-9556-e1ec3734eb6f [36m304[0m 2.563 ms - -[0m
[0mGET /api/workflows/144235dd-e37f-437d-9556-e1ec3734eb6f/nodes [36m304[0m 2.425 ms - -[0m
[0mGET /api/workflows/144235dd-e37f-437d-9556-e1ec3734eb6f [36m304[0m 1.631 ms - -[0m
[0mGET /api/workflows/144235dd-e37f-437d-9556-e1ec3734eb6f [36m304[0m 1.609 ms - -[0m
[2026-06-02T15:06:39.763Z] [INFO] 节点更新成功:
{
  "nodeId": "409859a3-80f0-4b10-85f5-7a2f58f0f018",
  "userId": "eb748477-ab39-4cd3-9c18-8de0e83dc03e"
}
[0mPUT /api/nodes/409859a3-80f0-4b10-85f5-7a2f58f0f018 [32m200[0m 8.110 ms - 543[0m
[2026-06-02T15:06:40.243Z] [INFO] 节点更新成功:
{
  "nodeId": "409859a3-80f0-4b10-85f5-7a2f58f0f018",
  "userId": "eb748477-ab39-4cd3-9c18-8de0e83dc03e"
}
[0mPUT /api/nodes/409859a3-80f0-4b10-85f5-7a2f58f0f018 [32m200[0m 7.560 ms - 543[0m
[2026-06-02T15:06:40.427Z] [INFO] 节点更新成功:
{
  "nodeId": "409859a3-80f0-4b10-85f5-7a2f58f0f018",
  "userId": "eb748477-ab39-4cd3-9c18-8de0e83dc03e"
}
[0mPUT /api/nodes/409859a3-80f0-4b10-85f5-7a2f58f0f018 [32m200[0m 3.712 ms - 543[0m
[2026-06-02T15:11:17.493Z] [WARN] 认证失败:
"Invalid or expired token"
[0mGET /api/workflows/144235dd-e37f-437d-9556-e1ec3734eb6f/nodes [33m401[0m 9.577 ms - 69[0m
[2026-06-02T15:11:17.495Z] [WARN] 认证失败:
"Invalid or expired token"
[0mGET /api/workflows/144235dd-e37f-437d-9556-e1ec3734eb6f/connections [33m401[0m 0.318 ms - 69[0m
[2026-06-02T15:11:17.496Z] [WARN] 认证失败:
"Invalid or expired token"
[0mGET /api/workflows/144235dd-e37f-437d-9556-e1ec3734eb6f [33m401[0m 0.269 ms - 69[0m
[2026-06-02T15:11:17.662Z] [WARN] 认证失败:
"Invalid or expired token"
[0mGET /api/workflows/144235dd-e37f-437d-9556-e1ec3734eb6f/nodes [33m401[0m 1.716 ms - 69[0m
[2026-06-02T15:11:17.692Z] [WARN] 认证失败:
"Invalid or expired token"
[0mGET /api/workflows/144235dd-e37f-437d-9556-e1ec3734eb6f/connections [33m401[0m 0.960 ms - 69[0m
[2026-06-02T15:11:17.694Z] [WARN] 认证失败:
"Invalid or expired token"
[0mGET /api/workflows/144235dd-e37f-437d-9556-e1ec3734eb6f [33m401[0m 1.136 ms - 69[0m
[2026-06-02T15:11:17.815Z] [WARN] 认证失败:
"Invalid or expired token"
[0mGET /api/workflows/144235dd-e37f-437d-9556-e1ec3734eb6f [33m401[0m 0.464 ms - 69[0m
[2026-06-02T15:11:17.878Z] [WARN] 认证失败:
"Invalid or expired token"
[0mGET /api/workflows/144235dd-e37f-437d-9556-e1ec3734eb6f [33m401[0m 0.575 ms - 69[0m
[0mPOST /api/auth/login [32m200[0m 117.145 ms - 664[0m
[0mGET /api/workflows [36m304[0m 23.693 ms - -[0m
[0mGET /api/workflows [36m304[0m 1.329 ms - -[0m
[0mGET /api/workflows/144235dd-e37f-437d-9556-e1ec3734eb6f [32m200[0m 16.690 ms - -[0m
[0mGET /api/workflows/144235dd-e37f-437d-9556-e1ec3734eb6f/nodes [32m200[0m 41.994 ms - -[0m
[0mGET /api/workflows/144235dd-e37f-437d-9556-e1ec3734eb6f/connections [36m304[0m 33.304 ms - -[0m
[0mGET /api/workflows/144235dd-e37f-437d-9556-e1ec3734eb6f [36m304[0m 6.423 ms - -[0m
[0mGET /api/workflows/144235dd-e37f-437d-9556-e1ec3734eb6f/connections [36m304[0m 1.563 ms - -[0m
[0mGET /api/workflows/144235dd-e37f-437d-9556-e1ec3734eb6f/nodes [36m304[0m 2.592 ms - -[0m
[0mGET /api/workflows/144235dd-e37f-437d-9556-e1ec3734eb6f [36m304[0m 2.536 ms - -[0m
[0mGET /api/workflows/144235dd-e37f-437d-9556-e1ec3734eb6f [36m304[0m 1.799 ms - -[0m
[0mPUT /api/workflows/144235dd-e37f-437d-9556-e1ec3734eb6f [32m200[0m 6.980 ms - 354[0m
[2026-06-02T15:14:45.719Z] [INFO] 工作流保存成功
{
  "workflowId": "144235dd-e37f-437d-9556-e1ec3734eb6f"
}
[0mPUT /api/workflows/144235dd-e37f-437d-9556-e1ec3734eb6f/save [32m200[0m 32.541 ms - -[0m
[2026-06-02T15:14:49.293Z] [INFO] 节点更新成功:
{
  "nodeId": "409859a3-80f0-4b10-85f5-7a2f58f0f018",
  "userId": "eb748477-ab39-4cd3-9c18-8de0e83dc03e"
}
[0mPUT /api/nodes/409859a3-80f0-4b10-85f5-7a2f58f0f018 [32m200[0m 4.223 ms - 543[0m
[2026-06-02T15:14:49.778Z] [INFO] 节点更新成功:
{
  "nodeId": "409859a3-80f0-4b10-85f5-7a2f58f0f018",
  "userId": "eb748477-ab39-4cd3-9c18-8de0e83dc03e"
}
[0mPUT /api/nodes/409859a3-80f0-4b10-85f5-7a2f58f0f018 [32m200[0m 4.024 ms - 543[0m
[2026-06-02T15:14:51.843Z] [INFO] 节点更新成功:
{
  "nodeId": "409859a3-80f0-4b10-85f5-7a2f58f0f018",
  "userId": "eb748477-ab39-4cd3-9c18-8de0e83dc03e"
}
[0mPUT /api/nodes/409859a3-80f0-4b10-85f5-7a2f58f0f018 [32m200[0m 4.160 ms - 543[0m
[2026-06-02T15:14:53.162Z] [INFO] 节点更新成功:
{
  "nodeId": "23131759-a341-4ceb-97c1-7c3b98409e00",
  "userId": "eb748477-ab39-4cd3-9c18-8de0e83dc03e"
}
[0mPUT /api/nodes/23131759-a341-4ceb-97c1-7c3b98409e00 [32m200[0m 3.872 ms - 529[0m
[2026-06-02T15:14:55.720Z] [INFO] 节点更新成功:
{
  "nodeId": "409859a3-80f0-4b10-85f5-7a2f58f0f018",
  "userId": "eb748477-ab39-4cd3-9c18-8de0e83dc03e"
}
[0mPUT /api/nodes/409859a3-80f0-4b10-85f5-7a2f58f0f018 [32m200[0m 4.437 ms - 543[0m
[2026-06-02T15:14:56.578Z] [INFO] 节点更新成功:
{
  "nodeId": "409859a3-80f0-4b10-85f5-7a2f58f0f018",
  "userId": "eb748477-ab39-4cd3-9c18-8de0e83dc03e"
}
[0mPUT /api/nodes/409859a3-80f0-4b10-85f5-7a2f58f0f018 [32m200[0m 5.353 ms - 543[0m
[2026-06-02T15:14:57.362Z] [INFO] 节点更新成功:
{
  "nodeId": "409859a3-80f0-4b10-85f5-7a2f58f0f018",
  "userId": "eb748477-ab39-4cd3-9c18-8de0e83dc03e"
}
[0mPUT /api/nodes/409859a3-80f0-4b10-85f5-7a2f58f0f018 [32m200[0m 3.683 ms - 543[0m
[2026-06-02T15:14:59.598Z] [INFO] 节点更新成功:
{
  "nodeId": "409859a3-80f0-4b10-85f5-7a2f58f0f018",
  "userId": "eb748477-ab39-4cd3-9c18-8de0e83dc03e"
}
[0mPUT /api/nodes/409859a3-80f0-4b10-85f5-7a2f58f0f018 [32m200[0m 4.341 ms - 543[0m
[2026-06-02T15:15:03.427Z] [INFO] 节点更新成功:
{
  "nodeId": "409859a3-80f0-4b10-85f5-7a2f58f0f018",
  "userId": "eb748477-ab39-4cd3-9c18-8de0e83dc03e"
}
[0mPUT /api/nodes/409859a3-80f0-4b10-85f5-7a2f58f0f018 [32m200[0m 3.483 ms - 544[0m
[2026-06-02T15:15:04.364Z] [INFO] 节点更新成功:
{
  "nodeId": "409859a3-80f0-4b10-85f5-7a2f58f0f018",
  "userId": "eb748477-ab39-4cd3-9c18-8de0e83dc03e"
}
[0mPUT /api/nodes/409859a3-80f0-4b10-85f5-7a2f58f0f018 [32m200[0m 3.629 ms - 544[0m
[2026-06-02T15:15:06.281Z] [INFO] 节点更新成功:
{
  "nodeId": "409859a3-80f0-4b10-85f5-7a2f58f0f018",
  "userId": "eb748477-ab39-4cd3-9c18-8de0e83dc03e"
}
[0mPUT /api/nodes/409859a3-80f0-4b10-85f5-7a2f58f0f018 [32m200[0m 3.051 ms - 544[0m
[2026-06-02T15:15:07.372Z] [INFO] 节点更新成功:
{
  "nodeId": "409859a3-80f0-4b10-85f5-7a2f58f0f018",
  "userId": "eb748477-ab39-4cd3-9c18-8de0e83dc03e"
}
[0mPUT /api/nodes/409859a3-80f0-4b10-85f5-7a2f58f0f018 [32m200[0m 4.352 ms - 544[0m
[2026-06-02T15:15:07.840Z] [INFO] 节点更新成功:
{
  "nodeId": "409859a3-80f0-4b10-85f5-7a2f58f0f018",
  "userId": "eb748477-ab39-4cd3-9c18-8de0e83dc03e"
}
[0mPUT /api/nodes/409859a3-80f0-4b10-85f5-7a2f58f0f018 [32m200[0m 4.269 ms - 544[0m
[2026-06-02T15:15:08.349Z] [INFO] 节点更新成功:
{
  "nodeId": "409859a3-80f0-4b10-85f5-7a2f58f0f018",
  "userId": "eb748477-ab39-4cd3-9c18-8de0e83dc03e"
}
[0mPUT /api/nodes/409859a3-80f0-4b10-85f5-7a2f58f0f018 [32m200[0m 5.169 ms - 544[0m
[2026-06-02T15:15:08.573Z] [INFO] 节点更新成功:
{
  "nodeId": "409859a3-80f0-4b10-85f5-7a2f58f0f018",
  "userId": "eb748477-ab39-4cd3-9c18-8de0e83dc03e"
}
[0mPUT /api/nodes/409859a3-80f0-4b10-85f5-7a2f58f0f018 [32m200[0m 21.069 ms - 544[0m
[2026-06-02T15:15:13.891Z] [INFO] 工作流保存成功
{
  "workflowId": "144235dd-e37f-437d-9556-e1ec3734eb6f"
}
[0mPUT /api/workflows/144235dd-e37f-437d-9556-e1ec3734eb6f/save [32m200[0m 18.012 ms - -[0m
[2026-06-02T15:15:17.098Z] [INFO] 工作流保存成功
{
  "workflowId": "144235dd-e37f-437d-9556-e1ec3734eb6f"
}
[0mPUT /api/workflows/144235dd-e37f-437d-9556-e1ec3734eb6f/save [32m200[0m 17.786 ms - -[0m
[2026-06-02T15:16:00.403Z] [INFO] 节点添加成功:
{
  "nodeId": "120f07b8-8b5f-4f12-847d-994d7b069146",
  "workflowId": "144235dd-e37f-437d-9556-e1ec3734eb6f"
}
[0mPOST /api/workflows/144235dd-e37f-437d-9556-e1ec3734eb6f/nodes [32m201[0m 6.052 ms - 382[0m
[2026-06-02T15:16:01.766Z] [INFO] 节点更新成功:
{
  "nodeId": "120f07b8-8b5f-4f12-847d-994d7b069146",
  "userId": "eb748477-ab39-4cd3-9c18-8de0e83dc03e"
}
[0mPUT /api/nodes/120f07b8-8b5f-4f12-847d-994d7b069146 [32m200[0m 2.846 ms - 381[0m
[2026-06-02T15:16:02.328Z] [INFO] 节点更新成功:
{
  "nodeId": "120f07b8-8b5f-4f12-847d-994d7b069146",
  "userId": "eb748477-ab39-4cd3-9c18-8de0e83dc03e"
}
[0mPUT /api/nodes/120f07b8-8b5f-4f12-847d-994d7b069146 [32m200[0m 2.715 ms - 381[0m
[2026-06-02T15:16:02.936Z] [INFO] 节点更新成功:
{
  "nodeId": "120f07b8-8b5f-4f12-847d-994d7b069146",
  "userId": "eb748477-ab39-4cd3-9c18-8de0e83dc03e"
}
[0mPUT /api/nodes/120f07b8-8b5f-4f12-847d-994d7b069146 [32m200[0m 4.004 ms - 381[0m
[2026-06-02T15:16:03.141Z] [INFO] 节点更新成功:
{
  "nodeId": "120f07b8-8b5f-4f12-847d-994d7b069146",
  "userId": "eb748477-ab39-4cd3-9c18-8de0e83dc03e"
}
[0mPUT /api/nodes/120f07b8-8b5f-4f12-847d-994d7b069146 [32m200[0m 4.699 ms - 381[0m
[2026-06-02T15:16:13.013Z] [INFO] 节点更新成功:
{
  "nodeId": "409859a3-80f0-4b10-85f5-7a2f58f0f018",
  "userId": "eb748477-ab39-4cd3-9c18-8de0e83dc03e"
}
[0mPUT /api/nodes/409859a3-80f0-4b10-85f5-7a2f58f0f018 [32m200[0m 3.727 ms - 559[0m
[2026-06-02T15:16:15.226Z] [INFO] 节点更新成功:
{
  "nodeId": "409859a3-80f0-4b10-85f5-7a2f58f0f018",
  "userId": "eb748477-ab39-4cd3-9c18-8de0e83dc03e"
}
[0mPUT /api/nodes/409859a3-80f0-4b10-85f5-7a2f58f0f018 [32m200[0m 4.507 ms - 559[0m
[2026-06-02T15:16:16.930Z] [INFO] 节点更新成功:
{
  "nodeId": "409859a3-80f0-4b10-85f5-7a2f58f0f018",
  "userId": "eb748477-ab39-4cd3-9c18-8de0e83dc03e"
}
[0mPUT /api/nodes/409859a3-80f0-4b10-85f5-7a2f58f0f018 [32m200[0m 7.356 ms - 559[0m
[2026-06-02T15:16:20.047Z] [INFO] 节点更新成功:
{
  "nodeId": "409859a3-80f0-4b10-85f5-7a2f58f0f018",
  "userId": "eb748477-ab39-4cd3-9c18-8de0e83dc03e"
}
[0mPUT /api/nodes/409859a3-80f0-4b10-85f5-7a2f58f0f018 [32m200[0m 13.847 ms - 559[0m
[2026-06-02T15:16:20.947Z] [INFO] 节点更新成功:
{
  "nodeId": "120f07b8-8b5f-4f12-847d-994d7b069146",
  "userId": "eb748477-ab39-4cd3-9c18-8de0e83dc03e"
}
[0mPUT /api/nodes/120f07b8-8b5f-4f12-847d-994d7b069146 [32m200[0m 3.374 ms - 381[0m
[2026-06-02T15:16:27.062Z] [INFO] 节点更新成功:
{
  "nodeId": "409859a3-80f0-4b10-85f5-7a2f58f0f018",
  "userId": "eb748477-ab39-4cd3-9c18-8de0e83dc03e"
}
[0mPUT /api/nodes/409859a3-80f0-4b10-85f5-7a2f58f0f018 [32m200[0m 4.771 ms - 557[0m
[2026-06-02T15:17:02.649Z] [INFO] 节点更新成功:
{
  "nodeId": "409859a3-80f0-4b10-85f5-7a2f58f0f018",
  "userId": "eb748477-ab39-4cd3-9c18-8de0e83dc03e"
}
[0mPUT /api/nodes/409859a3-80f0-4b10-85f5-7a2f58f0f018 [32m200[0m 15.926 ms - 557[0m
[2026-06-02T15:17:04.985Z] [INFO] 节点更新成功:
{
  "nodeId": "409859a3-80f0-4b10-85f5-7a2f58f0f018",
  "userId": "eb748477-ab39-4cd3-9c18-8de0e83dc03e"
}
[0mPUT /api/nodes/409859a3-80f0-4b10-85f5-7a2f58f0f018 [32m200[0m 3.733 ms - 559[0m
[2026-06-02T15:17:05.776Z] [INFO] 节点更新成功:
{
  "nodeId": "120f07b8-8b5f-4f12-847d-994d7b069146",
  "userId": "eb748477-ab39-4cd3-9c18-8de0e83dc03e"
}
[0mPUT /api/nodes/120f07b8-8b5f-4f12-847d-994d7b069146 [32m200[0m 3.583 ms - 381[0m
[2026-06-02T15:17:07.496Z] [INFO] 节点更新成功:
{
  "nodeId": "120f07b8-8b5f-4f12-847d-994d7b069146",
  "userId": "eb748477-ab39-4cd3-9c18-8de0e83dc03e"
}
[0mPUT /api/nodes/120f07b8-8b5f-4f12-847d-994d7b069146 [32m200[0m 3.981 ms - 381[0m
[2026-06-02T15:17:11.361Z] [INFO] 节点更新成功:
{
  "nodeId": "120f07b8-8b5f-4f12-847d-994d7b069146",
  "userId": "eb748477-ab39-4cd3-9c18-8de0e83dc03e"
}
[0mPUT /api/nodes/120f07b8-8b5f-4f12-847d-994d7b069146 [32m200[0m 4.347 ms - 382[0m
[0mPOST /api/workflows/144235dd-e37f-437d-9556-e1ec3734eb6f/nodes [33m400[0m 2.052 ms - 300[0m
[0mPOST /api/workflows/144235dd-e37f-437d-9556-e1ec3734eb6f/nodes [33m400[0m 0.702 ms - 300[0m
[0mPOST /api/workflows/144235dd-e37f-437d-9556-e1ec3734eb6f/nodes [33m400[0m 1.629 ms - 300[0m
[0mPOST /api/workflows/144235dd-e37f-437d-9556-e1ec3734eb6f/nodes [33m400[0m 0.799 ms - 291[0m
[0mPOST /api/workflows/144235dd-e37f-437d-9556-e1ec3734eb6f/nodes [33m400[0m 1.309 ms - 291[0m
[2026-06-02T15:18:00.566Z] [INFO] 工作流保存成功
{
  "workflowId": "144235dd-e37f-437d-9556-e1ec3734eb6f"
}
[0mPUT /api/workflows/144235dd-e37f-437d-9556-e1ec3734eb6f/save [32m200[0m 29.107 ms - -[0m
[2026-06-02T15:18:00.753Z] [INFO] 工作流保存成功
{
  "workflowId": "144235dd-e37f-437d-9556-e1ec3734eb6f"
}
[0mPUT /api/workflows/144235dd-e37f-437d-9556-e1ec3734eb6f/save [32m200[0m 19.499 ms - -[0m
[0mGET /api/auth/me [36m304[0m 3.709 ms - -[0m
[0mGET /api/auth/me [36m304[0m 2.767 ms - -[0m
[0mGET /api/workflows [32m200[0m 3.815 ms - 658[0m
[0mGET /api/workflows [36m304[0m 1.597 ms - -[0m
[0mGET /api/workflows/49cd08d6-f27a-40fc-ab48-1bc100192805/connections [36m304[0m 4.987 ms - -[0m
[0mGET /api/workflows/49cd08d6-f27a-40fc-ab48-1bc100192805/nodes [32m200[0m 10.500 ms - -[0m
[0mGET /api/workflows/49cd08d6-f27a-40fc-ab48-1bc100192805 [32m200[0m 8.335 ms - -[0m
[0mGET /api/workflows/49cd08d6-f27a-40fc-ab48-1bc100192805/connections [36m304[0m 2.783 ms - -[0m
[0mGET /api/workflows/49cd08d6-f27a-40fc-ab48-1bc100192805 [36m304[0m 1.868 ms - -[0m
[0mGET /api/workflows/49cd08d6-f27a-40fc-ab48-1bc100192805/nodes [36m304[0m 2.976 ms - -[0m
[0mGET /api/workflows/49cd08d6-f27a-40fc-ab48-1bc100192805 [36m304[0m 1.874 ms - -[0m
[0mGET /api/workflows/49cd08d6-f27a-40fc-ab48-1bc100192805 [36m304[0m 1.943 ms - -[0m
[0mGET /api/auth/me [36m304[0m 1.372 ms - -[0m
[0mGET /api/auth/me [36m304[0m 1.217 ms - -[0m
[0mGET /api/workflows [36m304[0m 2.551 ms - -[0m
[0mGET /api/workflows [36m304[0m 2.078 ms - -[0m
[0mGET /api/workflows/144235dd-e37f-437d-9556-e1ec3734eb6f/nodes [32m200[0m 3.709 ms - -[0m
[0mGET /api/workflows/144235dd-e37f-437d-9556-e1ec3734eb6f/connections [32m200[0m 1.466 ms - 920[0m
[0mGET /api/workflows/144235dd-e37f-437d-9556-e1ec3734eb6f [32m200[0m 2.703 ms - -[0m
[0mGET /api/workflows/144235dd-e37f-437d-9556-e1ec3734eb6f/nodes [36m304[0m 2.884 ms - -[0m
[0mGET /api/workflows/144235dd-e37f-437d-9556-e1ec3734eb6f/connections [36m304[0m 2.895 ms - -[0m
[0mGET /api/workflows/144235dd-e37f-437d-9556-e1ec3734eb6f [36m304[0m 3.948 ms - -[0m
[0mGET /api/workflows/144235dd-e37f-437d-9556-e1ec3734eb6f [36m304[0m 2.012 ms - -[0m
[0mGET /api/workflows/144235dd-e37f-437d-9556-e1ec3734eb6f [36m304[0m 1.671 ms - -[0m
[0mGET /api/auth/me [36m304[0m 1.701 ms - -[0m
[0mGET /api/auth/me [36m304[0m 1.135 ms - -[0m
[0mGET /api/workflows [36m304[0m 1.607 ms - -[0m
[0mGET /api/workflows [36m304[0m 4.730 ms - -[0m
[0mGET /api/workflows/144235dd-e37f-437d-9556-e1ec3734eb6f/nodes [36m304[0m 3.218 ms - -[0m
[0mGET /api/workflows/144235dd-e37f-437d-9556-e1ec3734eb6f/connections [36m304[0m 2.079 ms - -[0m
[0mGET /api/workflows/144235dd-e37f-437d-9556-e1ec3734eb6f [36m304[0m 1.902 ms - -[0m
[0mGET /api/workflows/144235dd-e37f-437d-9556-e1ec3734eb6f/nodes [36m304[0m 3.002 ms - -[0m
[0mGET /api/workflows/144235dd-e37f-437d-9556-e1ec3734eb6f/connections [36m304[0m 1.891 ms - -[0m
[0mGET /api/workflows/144235dd-e37f-437d-9556-e1ec3734eb6f [36m304[0m 1.829 ms - -[0m
[0mGET /api/workflows/144235dd-e37f-437d-9556-e1ec3734eb6f [36m304[0m 1.663 ms - -[0m
[0mGET /api/workflows/144235dd-e37f-437d-9556-e1ec3734eb6f [36m304[0m 4.208 ms - -[0m
[0mPUT /api/workflows/144235dd-e37f-437d-9556-e1ec3734eb6f [32m200[0m 2.656 ms - 354[0m
[0mGET /api/auth/me [36m304[0m 2.166 ms - -[0m
[0mGET /api/auth/me [36m304[0m 1.485 ms - -[0m
[0mGET /api/workflows [32m200[0m 2.103 ms - 658[0m
[0mGET /api/workflows [36m304[0m 5.064 ms - -[0m
[0mGET /api/workflows/144235dd-e37f-437d-9556-e1ec3734eb6f/nodes [36m304[0m 7.186 ms - -[0m
[0mGET /api/workflows/144235dd-e37f-437d-9556-e1ec3734eb6f/connections [36m304[0m 10.607 ms - -[0m
[0mGET /api/workflows/144235dd-e37f-437d-9556-e1ec3734eb6f [32m200[0m 11.072 ms - -[0m
[0mGET /api/workflows/144235dd-e37f-437d-9556-e1ec3734eb6f/nodes [36m304[0m 3.479 ms - -[0m
[0mGET /api/workflows/144235dd-e37f-437d-9556-e1ec3734eb6f/connections [36m304[0m 1.766 ms - -[0m
[0mGET /api/workflows/144235dd-e37f-437d-9556-e1ec3734eb6f [36m304[0m 2.593 ms - -[0m
[0mGET /api/workflows/144235dd-e37f-437d-9556-e1ec3734eb6f [36m304[0m 2.392 ms - -[0m
[0mGET /api/workflows/144235dd-e37f-437d-9556-e1ec3734eb6f [36m304[0m 1.852 ms - -[0m
[2026-06-02T15:18:27.497Z] [INFO] 节点更新成功:
{
  "nodeId": "120f07b8-8b5f-4f12-847d-994d7b069146",
  "userId": "eb748477-ab39-4cd3-9c18-8de0e83dc03e"
}
[0mPUT /api/nodes/120f07b8-8b5f-4f12-847d-994d7b069146 [32m200[0m 7.053 ms - 487[0m
[2026-06-02T15:18:30.603Z] [INFO] 节点更新成功:
{
  "nodeId": "7cc612a1-e350-4fdf-b3a4-902fcac9e011",
  "userId": "eb748477-ab39-4cd3-9c18-8de0e83dc03e"
}
[0mPUT /api/nodes/7cc612a1-e350-4fdf-b3a4-902fcac9e011 [32m200[0m 3.809 ms - 527[0m
[2026-06-02T15:18:36.130Z] [INFO] 节点更新成功:
{
  "nodeId": "7cc612a1-e350-4fdf-b3a4-902fcac9e011",
  "userId": "eb748477-ab39-4cd3-9c18-8de0e83dc03e"
}
[0mPUT /api/nodes/7cc612a1-e350-4fdf-b3a4-902fcac9e011 [32m200[0m 4.106 ms - 527[0m
[2026-06-02T15:18:37.360Z] [INFO] 节点更新成功:
{
  "nodeId": "ebe61b0e-ac95-4230-ae37-bf6a6439c57d",
  "userId": "eb748477-ab39-4cd3-9c18-8de0e83dc03e"
}
[0mPUT /api/nodes/ebe61b0e-ac95-4230-ae37-bf6a6439c57d [32m200[0m 6.605 ms - 527[0m
[0mGET /api/workflows/144235dd-e37f-437d-9556-e1ec3734eb6f/connections [36m304[0m 30.673 ms - -[0m
[0mGET /api/workflows/144235dd-e37f-437d-9556-e1ec3734eb6f/nodes [32m200[0m 27.118 ms - -[0m
[0mGET /api/workflows/144235dd-e37f-437d-9556-e1ec3734eb6f [32m200[0m 27.030 ms - -[0m
[0mGET /api/workflows/144235dd-e37f-437d-9556-e1ec3734eb6f [36m304[0m 7.016 ms - -[0m
[0mGET /api/workflows/144235dd-e37f-437d-9556-e1ec3734eb6f/nodes [36m304[0m 12.925 ms - -[0m
[0mGET /api/workflows/144235dd-e37f-437d-9556-e1ec3734eb6f/connections [36m304[0m 16.529 ms - -[0m
[0mGET /api/auth/me [36m304[0m 20.273 ms - -[0m
[0mGET /api/auth/me [36m304[0m 2.091 ms - -[0m
[0mGET /api/workflows [36m304[0m 5.854 ms - -[0m
[0mGET /api/workflows [36m304[0m 1.543 ms - -[0m
[0mGET /api/workflows/144235dd-e37f-437d-9556-e1ec3734eb6f [36m304[0m 4.217 ms - -[0m
[0mGET /api/workflows/144235dd-e37f-437d-9556-e1ec3734eb6f/connections [36m304[0m 4.121 ms - -[0m
[0mGET /api/workflows/144235dd-e37f-437d-9556-e1ec3734eb6f/nodes [36m304[0m 7.145 ms - -[0m
[0mGET /api/workflows/144235dd-e37f-437d-9556-e1ec3734eb6f [36m304[0m 2.703 ms - -[0m
[0mGET /api/workflows/144235dd-e37f-437d-9556-e1ec3734eb6f/connections [36m304[0m 2.297 ms - -[0m
[0mGET /api/workflows/144235dd-e37f-437d-9556-e1ec3734eb6f/nodes [36m304[0m 2.054 ms - -[0m
[0mGET /api/workflows/144235dd-e37f-437d-9556-e1ec3734eb6f [36m304[0m 2.206 ms - -[0m
[0mGET /api/workflows/144235dd-e37f-437d-9556-e1ec3734eb6f [36m304[0m 1.838 ms - -[0m
[2026-06-02T15:25:37.325Z] [INFO] 节点更新成功:
{
  "nodeId": "409859a3-80f0-4b10-85f5-7a2f58f0f018",
  "userId": "eb748477-ab39-4cd3-9c18-8de0e83dc03e"
}
[0mPUT /api/nodes/409859a3-80f0-4b10-85f5-7a2f58f0f018 [32m200[0m 6.086 ms - 559[0m
[2026-06-02T15:25:39.513Z] [INFO] 节点更新成功:
{
  "nodeId": "409859a3-80f0-4b10-85f5-7a2f58f0f018",
  "userId": "eb748477-ab39-4cd3-9c18-8de0e83dc03e"
}
[0mPUT /api/nodes/409859a3-80f0-4b10-85f5-7a2f58f0f018 [32m200[0m 4.239 ms - 559[0m
[2026-06-02T15:25:42.847Z] [INFO] 节点更新成功:
{
  "nodeId": "409859a3-80f0-4b10-85f5-7a2f58f0f018",
  "userId": "eb748477-ab39-4cd3-9c18-8de0e83dc03e"
}
[0mPUT /api/nodes/409859a3-80f0-4b10-85f5-7a2f58f0f018 [32m200[0m 4.038 ms - 559[0m
[2026-06-02T15:25:45.950Z] [INFO] 节点更新成功:
{
  "nodeId": "409859a3-80f0-4b10-85f5-7a2f58f0f018",
  "userId": "eb748477-ab39-4cd3-9c18-8de0e83dc03e"
}
[0mPUT /api/nodes/409859a3-80f0-4b10-85f5-7a2f58f0f018 [32m200[0m 3.459 ms - 559[0m
[2026-06-02T15:25:47.264Z] [INFO] 节点更新成功:
{
  "nodeId": "409859a3-80f0-4b10-85f5-7a2f58f0f018",
  "userId": "eb748477-ab39-4cd3-9c18-8de0e83dc03e"
}
[0mPUT /api/nodes/409859a3-80f0-4b10-85f5-7a2f58f0f018 [32m200[0m 4.766 ms - 559[0m
[2026-06-02T15:25:50.386Z] [INFO] 节点更新成功:
{
  "nodeId": "409859a3-80f0-4b10-85f5-7a2f58f0f018",
  "userId": "eb748477-ab39-4cd3-9c18-8de0e83dc03e"
}
[0mPUT /api/nodes/409859a3-80f0-4b10-85f5-7a2f58f0f018 [32m200[0m 4.202 ms - 559[0m
[2026-06-02T15:25:51.169Z] [INFO] 节点更新成功:
{
  "nodeId": "409859a3-80f0-4b10-85f5-7a2f58f0f018",
  "userId": "eb748477-ab39-4cd3-9c18-8de0e83dc03e"
}
[0mPUT /api/nodes/409859a3-80f0-4b10-85f5-7a2f58f0f018 [32m200[0m 9.609 ms - 559[0m
[2026-06-02T15:25:51.480Z] [INFO] 节点更新成功:
{
  "nodeId": "409859a3-80f0-4b10-85f5-7a2f58f0f018",
  "userId": "eb748477-ab39-4cd3-9c18-8de0e83dc03e"
}
[0mPUT /api/nodes/409859a3-80f0-4b10-85f5-7a2f58f0f018 [32m200[0m 5.044 ms - 559[0m
[2026-06-02T15:25:55.426Z] [INFO] 节点更新成功:
{
  "nodeId": "409859a3-80f0-4b10-85f5-7a2f58f0f018",
  "userId": "eb748477-ab39-4cd3-9c18-8de0e83dc03e"
}
[0mPUT /api/nodes/409859a3-80f0-4b10-85f5-7a2f58f0f018 [32m200[0m 7.003 ms - 560[0m
[2026-06-02T15:25:59.770Z] [INFO] 节点更新成功:
{
  "nodeId": "409859a3-80f0-4b10-85f5-7a2f58f0f018",
  "userId": "eb748477-ab39-4cd3-9c18-8de0e83dc03e"
}
[0mPUT /api/nodes/409859a3-80f0-4b10-85f5-7a2f58f0f018 [32m200[0m 9.851 ms - 560[0m
[2026-06-02T15:26:06.861Z] [INFO] 节点更新成功:
{
  "nodeId": "23131759-a341-4ceb-97c1-7c3b98409e00",
  "userId": "eb748477-ab39-4cd3-9c18-8de0e83dc03e"
}
[0mPUT /api/nodes/23131759-a341-4ceb-97c1-7c3b98409e00 [32m200[0m 3.135 ms - 529[0m
[2026-06-02T15:26:07.782Z] [INFO] 节点更新成功:
{
  "nodeId": "7cc612a1-e350-4fdf-b3a4-902fcac9e011",
  "userId": "eb748477-ab39-4cd3-9c18-8de0e83dc03e"
}
[0mPUT /api/nodes/7cc612a1-e350-4fdf-b3a4-902fcac9e011 [32m200[0m 9.340 ms - 527[0m
[2026-06-02T15:26:10.462Z] [INFO] 节点更新成功:
{
  "nodeId": "120f07b8-8b5f-4f12-847d-994d7b069146",
  "userId": "eb748477-ab39-4cd3-9c18-8de0e83dc03e"
}
[0mPUT /api/nodes/120f07b8-8b5f-4f12-847d-994d7b069146 [32m200[0m 3.274 ms - 487[0m
[2026-06-02T15:26:11.685Z] [INFO] 节点更新成功:
{
  "nodeId": "120f07b8-8b5f-4f12-847d-994d7b069146",
  "userId": "eb748477-ab39-4cd3-9c18-8de0e83dc03e"
}
[0mPUT /api/nodes/120f07b8-8b5f-4f12-847d-994d7b069146 [32m200[0m 4.730 ms - 487[0m
[0mGET /api/workflows/144235dd-e37f-437d-9556-e1ec3734eb6f/connections [36m304[0m 39.295 ms - -[0m
[0mGET /api/workflows/144235dd-e37f-437d-9556-e1ec3734eb6f/nodes [32m200[0m 32.410 ms - -[0m
[0mGET /api/workflows/144235dd-e37f-437d-9556-e1ec3734eb6f [32m200[0m 31.427 ms - -[0m
[0mGET /api/workflows/144235dd-e37f-437d-9556-e1ec3734eb6f/connections [36m304[0m 3.403 ms - -[0m
[0mGET /api/workflows/144235dd-e37f-437d-9556-e1ec3734eb6f/nodes [36m304[0m 3.051 ms - -[0m
[0mGET /api/workflows/144235dd-e37f-437d-9556-e1ec3734eb6f [36m304[0m 2.984 ms - -[0m
[0mGET /api/workflows/144235dd-e37f-437d-9556-e1ec3734eb6f [36m304[0m 2.247 ms - -[0m
[0mGET /api/workflows/144235dd-e37f-437d-9556-e1ec3734eb6f [36m304[0m 2.121 ms - -[0m
[2026-06-02T15:30:53.593Z] [WARN] 认证失败:
"Invalid or expired token"
[0mGET /api/workflows/144235dd-e37f-437d-9556-e1ec3734eb6f/nodes [33m401[0m 2.105 ms - 69[0m
[2026-06-02T15:30:53.596Z] [WARN] 认证失败:
"Invalid or expired token"
[0mGET /api/workflows/144235dd-e37f-437d-9556-e1ec3734eb6f [33m401[0m 0.336 ms - 69[0m
[2026-06-02T15:30:53.597Z] [WARN] 认证失败:
"Invalid or expired token"
[0mGET /api/workflows/144235dd-e37f-437d-9556-e1ec3734eb6f/connections [33m401[0m 0.671 ms - 69[0m
[2026-06-02T15:30:53.598Z] [WARN] 认证失败:
"Invalid or expired token"
[0mGET /api/auth/me [33m401[0m 0.850 ms - 69[0m
[2026-06-02T15:30:53.602Z] [WARN] 认证失败:
"Invalid or expired token"
[0mGET /api/workflows/144235dd-e37f-437d-9556-e1ec3734eb6f/nodes [33m401[0m 0.628 ms - 69[0m
[2026-06-02T15:30:53.604Z] [WARN] 认证失败:
"Invalid or expired token"
[0mGET /api/workflows/144235dd-e37f-437d-9556-e1ec3734eb6f [33m401[0m 0.433 ms - 69[0m
[2026-06-02T15:30:53.605Z] [WARN] 认证失败:
"Invalid or expired token"
[0mGET /api/workflows/144235dd-e37f-437d-9556-e1ec3734eb6f/connections [33m401[0m 0.388 ms - 69[0m
[2026-06-02T15:30:53.649Z] [WARN] 认证失败:
"Invalid or expired token"
[0mGET /api/auth/me [33m401[0m 0.627 ms - 69[0m
[2026-06-02T15:30:53.718Z] [WARN] 认证失败:
"Invalid or expired token"
[0mGET /api/workflows/144235dd-e37f-437d-9556-e1ec3734eb6f [33m401[0m 0.440 ms - 69[0m
[2026-06-02T15:30:53.828Z] [WARN] 认证失败:
"Invalid or expired token"
[0mGET /api/workflows/144235dd-e37f-437d-9556-e1ec3734eb6f [33m401[0m 0.443 ms - 69[0m
[0mPOST /api/auth/login [32m200[0m 101.621 ms - 664[0m
[0mGET /api/workflows [36m304[0m 18.650 ms - -[0m
[0mGET /api/workflows [36m304[0m 1.414 ms - -[0m
[0mGET /api/workflows/144235dd-e37f-437d-9556-e1ec3734eb6f [36m304[0m 9.921 ms - -[0m
[0mGET /api/workflows/144235dd-e37f-437d-9556-e1ec3734eb6f/nodes [36m304[0m 20.708 ms - -[0m
[0mGET /api/workflows/144235dd-e37f-437d-9556-e1ec3734eb6f/connections [36m304[0m 14.595 ms - -[0m
[0mGET /api/workflows/144235dd-e37f-437d-9556-e1ec3734eb6f [36m304[0m 1.974 ms - -[0m
[0mGET /api/workflows/144235dd-e37f-437d-9556-e1ec3734eb6f/connections [36m304[0m 1.380 ms - -[0m
[0mGET /api/workflows/144235dd-e37f-437d-9556-e1ec3734eb6f [36m304[0m 2.092 ms - -[0m
[0mGET /api/workflows/144235dd-e37f-437d-9556-e1ec3734eb6f/nodes [36m304[0m 4.233 ms - -[0m
[0mGET /api/workflows/144235dd-e37f-437d-9556-e1ec3734eb6f [36m304[0m 2.184 ms - -[0m
[2026-06-02T15:37:25.603Z] [INFO] 节点更新成功:
{
  "nodeId": "23131759-a341-4ceb-97c1-7c3b98409e00",
  "userId": "eb748477-ab39-4cd3-9c18-8de0e83dc03e"
}
[0mPUT /api/nodes/23131759-a341-4ceb-97c1-7c3b98409e00 [32m200[0m 5.889 ms - 529[0m
[2026-06-02T15:37:26.302Z] [INFO] 节点更新成功:
{
  "nodeId": "23131759-a341-4ceb-97c1-7c3b98409e00",
  "userId": "eb748477-ab39-4cd3-9c18-8de0e83dc03e"
}
[0mPUT /api/nodes/23131759-a341-4ceb-97c1-7c3b98409e00 [32m200[0m 4.321 ms - 529[0m
[2026-06-02T15:37:27.710Z] [INFO] 节点更新成功:
{
  "nodeId": "120f07b8-8b5f-4f12-847d-994d7b069146",
  "userId": "eb748477-ab39-4cd3-9c18-8de0e83dc03e"
}
[0mPUT /api/nodes/120f07b8-8b5f-4f12-847d-994d7b069146 [32m200[0m 5.500 ms - 487[0m
[2026-06-02T15:37:28.567Z] [INFO] 节点更新成功:
{
  "nodeId": "23131759-a341-4ceb-97c1-7c3b98409e00",
  "userId": "eb748477-ab39-4cd3-9c18-8de0e83dc03e"
}
[0mPUT /api/nodes/23131759-a341-4ceb-97c1-7c3b98409e00 [32m200[0m 4.192 ms - 529[0m
[2026-06-02T15:37:29.970Z] [INFO] 节点更新成功:
{
  "nodeId": "23131759-a341-4ceb-97c1-7c3b98409e00",
  "userId": "eb748477-ab39-4cd3-9c18-8de0e83dc03e"
}
[0mPUT /api/nodes/23131759-a341-4ceb-97c1-7c3b98409e00 [32m200[0m 4.537 ms - 529[0m
[2026-06-02T15:37:32.120Z] [INFO] 节点更新成功:
{
  "nodeId": "23131759-a341-4ceb-97c1-7c3b98409e00",
  "userId": "eb748477-ab39-4cd3-9c18-8de0e83dc03e"
}
[0mPUT /api/nodes/23131759-a341-4ceb-97c1-7c3b98409e00 [32m200[0m 3.546 ms - 529[0m
[2026-06-02T15:37:33.537Z] [INFO] 节点更新成功:
{
  "nodeId": "23131759-a341-4ceb-97c1-7c3b98409e00",
  "userId": "eb748477-ab39-4cd3-9c18-8de0e83dc03e"
}
[0mPUT /api/nodes/23131759-a341-4ceb-97c1-7c3b98409e00 [32m200[0m 6.048 ms - 529[0m
[2026-06-02T15:37:35.469Z] [INFO] 节点更新成功:
{
  "nodeId": "23131759-a341-4ceb-97c1-7c3b98409e00",
  "userId": "eb748477-ab39-4cd3-9c18-8de0e83dc03e"
}
[0mPUT /api/nodes/23131759-a341-4ceb-97c1-7c3b98409e00 [32m200[0m 4.330 ms - 529[0m
[2026-06-02T15:37:38.604Z] [INFO] 节点更新成功:
{
  "nodeId": "409859a3-80f0-4b10-85f5-7a2f58f0f018",
  "userId": "eb748477-ab39-4cd3-9c18-8de0e83dc03e"
}
[0mPUT /api/nodes/409859a3-80f0-4b10-85f5-7a2f58f0f018 [32m200[0m 3.780 ms - 560[0m
[2026-06-02T15:37:40.781Z] [INFO] 节点更新成功:
{
  "nodeId": "409859a3-80f0-4b10-85f5-7a2f58f0f018",
  "userId": "eb748477-ab39-4cd3-9c18-8de0e83dc03e"
}
[0mPUT /api/nodes/409859a3-80f0-4b10-85f5-7a2f58f0f018 [32m200[0m 10.347 ms - 560[0m
[2026-06-02T15:37:42.734Z] [INFO] 节点更新成功:
{
  "nodeId": "7cc612a1-e350-4fdf-b3a4-902fcac9e011",
  "userId": "eb748477-ab39-4cd3-9c18-8de0e83dc03e"
}
[0mPUT /api/nodes/7cc612a1-e350-4fdf-b3a4-902fcac9e011 [32m200[0m 4.111 ms - 527[0m
[2026-06-02T15:37:47.006Z] [INFO] 节点更新成功:
{
  "nodeId": "23131759-a341-4ceb-97c1-7c3b98409e00",
  "userId": "eb748477-ab39-4cd3-9c18-8de0e83dc03e"
}
[0mPUT /api/nodes/23131759-a341-4ceb-97c1-7c3b98409e00 [32m200[0m 3.685 ms - 529[0m
[2026-06-02T15:37:53.324Z] [INFO] 节点更新成功:
{
  "nodeId": "23131759-a341-4ceb-97c1-7c3b98409e00",
  "userId": "eb748477-ab39-4cd3-9c18-8de0e83dc03e"
}
[0mPUT /api/nodes/23131759-a341-4ceb-97c1-7c3b98409e00 [32m200[0m 3.539 ms - 528[0m
[2026-06-02T15:37:55.763Z] [INFO] 节点更新成功:
{
  "nodeId": "23131759-a341-4ceb-97c1-7c3b98409e00",
  "userId": "eb748477-ab39-4cd3-9c18-8de0e83dc03e"
}
[0mPUT /api/nodes/23131759-a341-4ceb-97c1-7c3b98409e00 [32m200[0m 10.127 ms - 528[0m
[2026-06-02T15:37:57.643Z] [INFO] 节点更新成功:
{
  "nodeId": "23131759-a341-4ceb-97c1-7c3b98409e00",
  "userId": "eb748477-ab39-4cd3-9c18-8de0e83dc03e"
}
[0mPUT /api/nodes/23131759-a341-4ceb-97c1-7c3b98409e00 [32m200[0m 5.796 ms - 529[0m
[2026-06-02T15:37:59.999Z] [INFO] 节点更新成功:
{
  "nodeId": "409859a3-80f0-4b10-85f5-7a2f58f0f018",
  "userId": "eb748477-ab39-4cd3-9c18-8de0e83dc03e"
}
[0mPUT /api/nodes/409859a3-80f0-4b10-85f5-7a2f58f0f018 [32m200[0m 3.161 ms - 560[0m
[2026-06-02T15:38:08.273Z] [INFO] 节点更新成功:
{
  "nodeId": "120f07b8-8b5f-4f12-847d-994d7b069146",
  "userId": "eb748477-ab39-4cd3-9c18-8de0e83dc03e"
}
[0mPUT /api/nodes/120f07b8-8b5f-4f12-847d-994d7b069146 [32m200[0m 9.037 ms - 487[0m
[2026-06-02T15:38:10.039Z] [INFO] 节点更新成功:
{
  "nodeId": "23131759-a341-4ceb-97c1-7c3b98409e00",
  "userId": "eb748477-ab39-4cd3-9c18-8de0e83dc03e"
}
[0mPUT /api/nodes/23131759-a341-4ceb-97c1-7c3b98409e00 [32m200[0m 4.393 ms - 528[0m
[2026-06-02T15:38:11.989Z] [INFO] 节点更新成功:
{
  "nodeId": "120f07b8-8b5f-4f12-847d-994d7b069146",
  "userId": "eb748477-ab39-4cd3-9c18-8de0e83dc03e"
}
[0mPUT /api/nodes/120f07b8-8b5f-4f12-847d-994d7b069146 [32m200[0m 5.641 ms - 486[0m
[2026-06-02T15:38:21.519Z] [INFO] 工作流保存成功
{
  "workflowId": "144235dd-e37f-437d-9556-e1ec3734eb6f"
}
[0mPUT /api/workflows/144235dd-e37f-437d-9556-e1ec3734eb6f/save [32m200[0m 22.484 ms - -[0m
[0mPOST /api/workflows/144235dd-e37f-437d-9556-e1ec3734eb6f/nodes [33m400[0m 1.526 ms - 299[0m
[0mPOST /api/workflows/144235dd-e37f-437d-9556-e1ec3734eb6f/nodes [33m400[0m 0.678 ms - 299[0m
[0mPOST /api/workflows/144235dd-e37f-437d-9556-e1ec3734eb6f/nodes [33m400[0m 1.339 ms - 298[0m
[2026-06-02T15:38:46.201Z] [INFO] 节点添加成功:
{
  "nodeId": "45a63599-e909-48f8-a31c-d03f148ee403",
  "workflowId": "144235dd-e37f-437d-9556-e1ec3734eb6f"
}
[0mPOST /api/workflows/144235dd-e37f-437d-9556-e1ec3734eb6f/nodes [32m201[0m 5.764 ms - 383[0m
[2026-06-02T15:38:48.131Z] [INFO] 节点更新成功:
{
  "nodeId": "45a63599-e909-48f8-a31c-d03f148ee403",
  "userId": "eb748477-ab39-4cd3-9c18-8de0e83dc03e"
}
[0mPUT /api/nodes/45a63599-e909-48f8-a31c-d03f148ee403 [32m200[0m 3.380 ms - 382[0m
[2026-06-02T15:38:48.500Z] [INFO] 节点更新成功:
{
  "nodeId": "45a63599-e909-48f8-a31c-d03f148ee403",
  "userId": "eb748477-ab39-4cd3-9c18-8de0e83dc03e"
}
[0mPUT /api/nodes/45a63599-e909-48f8-a31c-d03f148ee403 [32m200[0m 4.322 ms - 382[0m
[2026-06-02T15:38:49.155Z] [INFO] 节点更新成功:
{
  "nodeId": "45a63599-e909-48f8-a31c-d03f148ee403",
  "userId": "eb748477-ab39-4cd3-9c18-8de0e83dc03e"
}
[0mPUT /api/nodes/45a63599-e909-48f8-a31c-d03f148ee403 [32m200[0m 9.852 ms - 382[0m
[2026-06-02T15:38:54.587Z] [INFO] 节点更新成功:
{
  "nodeId": "45a63599-e909-48f8-a31c-d03f148ee403",
  "userId": "eb748477-ab39-4cd3-9c18-8de0e83dc03e"
}
[0mPUT /api/nodes/45a63599-e909-48f8-a31c-d03f148ee403 [32m200[0m 4.208 ms - 382[0m
[2026-06-02T15:38:57.301Z] [INFO] 节点更新成功:
{
  "nodeId": "45a63599-e909-48f8-a31c-d03f148ee403",
  "userId": "eb748477-ab39-4cd3-9c18-8de0e83dc03e"
}
[0mPUT /api/nodes/45a63599-e909-48f8-a31c-d03f148ee403 [32m200[0m 4.153 ms - 382[0m
[2026-06-02T15:39:00.439Z] [INFO] 节点更新成功:
{
  "nodeId": "45a63599-e909-48f8-a31c-d03f148ee403",
  "userId": "eb748477-ab39-4cd3-9c18-8de0e83dc03e"
}
[0mPUT /api/nodes/45a63599-e909-48f8-a31c-d03f148ee403 [32m200[0m 3.645 ms - 381[0m
[0mGET /api/auth/me [36m304[0m 4.121 ms - -[0m
[0mGET /api/auth/me [36m304[0m 1.504 ms - -[0m
[0mGET /api/workflows [36m304[0m 5.897 ms - -[0m
[0mGET /api/workflows [36m304[0m 1.726 ms - -[0m
[0mGET /api/workflows/144235dd-e37f-437d-9556-e1ec3734eb6f/connections [32m200[0m 5.208 ms - 920[0m
[0mGET /api/workflows/144235dd-e37f-437d-9556-e1ec3734eb6f/nodes [32m200[0m 7.575 ms - -[0m
[0mGET /api/workflows/144235dd-e37f-437d-9556-e1ec3734eb6f [32m200[0m 6.938 ms - -[0m
[0mGET /api/workflows/144235dd-e37f-437d-9556-e1ec3734eb6f [36m304[0m 4.230 ms - -[0m
[0mGET /api/workflows/144235dd-e37f-437d-9556-e1ec3734eb6f/connections [36m304[0m 6.999 ms - -[0m
[0mGET /api/workflows/144235dd-e37f-437d-9556-e1ec3734eb6f/nodes [36m304[0m 5.995 ms - -[0m
[0mGET /api/workflows/144235dd-e37f-437d-9556-e1ec3734eb6f [36m304[0m 2.033 ms - -[0m
[0mGET /api/workflows/144235dd-e37f-437d-9556-e1ec3734eb6f [36m304[0m 2.105 ms - -[0m
[2026-06-02T15:39:15.645Z] [INFO] 节点更新成功:
{
  "nodeId": "45a63599-e909-48f8-a31c-d03f148ee403",
  "userId": "eb748477-ab39-4cd3-9c18-8de0e83dc03e"
}
[0mPUT /api/nodes/45a63599-e909-48f8-a31c-d03f148ee403 [32m200[0m 6.914 ms - 381[0m
[2026-06-02T15:39:30.769Z] [INFO] 节点更新成功:
{
  "nodeId": "45a63599-e909-48f8-a31c-d03f148ee403",
  "userId": "eb748477-ab39-4cd3-9c18-8de0e83dc03e"
}
[0mPUT /api/nodes/45a63599-e909-48f8-a31c-d03f148ee403 [32m200[0m 5.822 ms - 381[0m
[2026-06-02T15:39:31.150Z] [INFO] 节点更新成功:
{
  "nodeId": "45a63599-e909-48f8-a31c-d03f148ee403",
  "userId": "eb748477-ab39-4cd3-9c18-8de0e83dc03e"
}
[0mPUT /api/nodes/45a63599-e909-48f8-a31c-d03f148ee403 [32m200[0m 5.015 ms - 381[0m
[2026-06-02T15:39:33.026Z] [INFO] 节点更新成功:
{
  "nodeId": "45a63599-e909-48f8-a31c-d03f148ee403",
  "userId": "eb748477-ab39-4cd3-9c18-8de0e83dc03e"
}
[0mPUT /api/nodes/45a63599-e909-48f8-a31c-d03f148ee403 [32m200[0m 5.187 ms - 381[0m
[2026-06-02T15:39:41.271Z] [INFO] 节点添加成功:
{
  "nodeId": "54fa3442-cd71-4c3e-8313-2766b1127bdd",
  "workflowId": "144235dd-e37f-437d-9556-e1ec3734eb6f"
}
[0mPOST /api/workflows/144235dd-e37f-437d-9556-e1ec3734eb6f/nodes [32m201[0m 6.816 ms - 377[0m
[2026-06-02T15:39:44.181Z] [INFO] 节点更新成功:
{
  "nodeId": "54fa3442-cd71-4c3e-8313-2766b1127bdd",
  "userId": "eb748477-ab39-4cd3-9c18-8de0e83dc03e"
}
[0mPUT /api/nodes/54fa3442-cd71-4c3e-8313-2766b1127bdd [32m200[0m 4.397 ms - 377[0m
[2026-06-02T15:39:45.109Z] [INFO] 节点更新成功:
{
  "nodeId": "45a63599-e909-48f8-a31c-d03f148ee403",
  "userId": "eb748477-ab39-4cd3-9c18-8de0e83dc03e"
}
[0mPUT /api/nodes/45a63599-e909-48f8-a31c-d03f148ee403 [32m200[0m 3.728 ms - 381[0m
[2026-06-02T15:39:45.571Z] [INFO] 节点更新成功:
{
  "nodeId": "45a63599-e909-48f8-a31c-d03f148ee403",
  "userId": "eb748477-ab39-4cd3-9c18-8de0e83dc03e"
}
[0mPUT /api/nodes/45a63599-e909-48f8-a31c-d03f148ee403 [32m200[0m 4.181 ms - 381[0m
[2026-06-02T15:39:45.790Z] [INFO] 节点更新成功:
{
  "nodeId": "45a63599-e909-48f8-a31c-d03f148ee403",
  "userId": "eb748477-ab39-4cd3-9c18-8de0e83dc03e"
}
[0mPUT /api/nodes/45a63599-e909-48f8-a31c-d03f148ee403 [32m200[0m 4.370 ms - 381[0m
[2026-06-02T15:39:46.010Z] [INFO] 节点更新成功:
{
  "nodeId": "45a63599-e909-48f8-a31c-d03f148ee403",
  "userId": "eb748477-ab39-4cd3-9c18-8de0e83dc03e"
}
[0mPUT /api/nodes/45a63599-e909-48f8-a31c-d03f148ee403 [32m200[0m 6.309 ms - 381[0m
[2026-06-02T15:39:46.376Z] [INFO] 节点更新成功:
{
  "nodeId": "45a63599-e909-48f8-a31c-d03f148ee403",
  "userId": "eb748477-ab39-4cd3-9c18-8de0e83dc03e"
}
[0mPUT /api/nodes/45a63599-e909-48f8-a31c-d03f148ee403 [32m200[0m 3.159 ms - 381[0m
[2026-06-02T15:39:47.405Z] [INFO] 节点更新成功:
{
  "nodeId": "45a63599-e909-48f8-a31c-d03f148ee403",
  "userId": "eb748477-ab39-4cd3-9c18-8de0e83dc03e"
}
[0mPUT /api/nodes/45a63599-e909-48f8-a31c-d03f148ee403 [32m200[0m 3.958 ms - 383[0m
[2026-06-02T15:39:48.250Z] [INFO] 节点更新成功:
{
  "nodeId": "54fa3442-cd71-4c3e-8313-2766b1127bdd",
  "userId": "eb748477-ab39-4cd3-9c18-8de0e83dc03e"
}
[0mPUT /api/nodes/54fa3442-cd71-4c3e-8313-2766b1127bdd [32m200[0m 4.126 ms - 377[0m
[2026-06-02T15:39:49.209Z] [INFO] 节点更新成功:
{
  "nodeId": "54fa3442-cd71-4c3e-8313-2766b1127bdd",
  "userId": "eb748477-ab39-4cd3-9c18-8de0e83dc03e"
}
[0mPUT /api/nodes/54fa3442-cd71-4c3e-8313-2766b1127bdd [32m200[0m 4.087 ms - 376[0m
[2026-06-02T15:39:51.956Z] [INFO] 节点更新成功:
{
  "nodeId": "409859a3-80f0-4b10-85f5-7a2f58f0f018",
  "userId": "eb748477-ab39-4cd3-9c18-8de0e83dc03e"
}
[0mPUT /api/nodes/409859a3-80f0-4b10-85f5-7a2f58f0f018 [32m200[0m 3.169 ms - 561[0m
[0mGET /api/auth/me [36m304[0m 2.240 ms - -[0m
[0mGET /api/auth/me [36m304[0m 1.163 ms - -[0m
[0mGET /api/workflows [36m304[0m 4.194 ms - -[0m
[0mGET /api/workflows [36m304[0m 1.512 ms - -[0m
[0mGET /api/workflows/144235dd-e37f-437d-9556-e1ec3734eb6f/connections [36m304[0m 29.514 ms - -[0m
[0mGET /api/workflows/144235dd-e37f-437d-9556-e1ec3734eb6f/nodes [32m200[0m 28.555 ms - -[0m
[0mGET /api/workflows/144235dd-e37f-437d-9556-e1ec3734eb6f [32m200[0m 28.350 ms - -[0m
[0mGET /api/workflows/144235dd-e37f-437d-9556-e1ec3734eb6f/connections [36m304[0m 5.229 ms - -[0m
[0mGET /api/workflows/144235dd-e37f-437d-9556-e1ec3734eb6f [36m304[0m 2.159 ms - -[0m
[0mGET /api/workflows/144235dd-e37f-437d-9556-e1ec3734eb6f/nodes [36m304[0m 3.022 ms - -[0m
[0mGET /api/workflows/144235dd-e37f-437d-9556-e1ec3734eb6f [36m304[0m 2.267 ms - -[0m
[0mGET /api/workflows/144235dd-e37f-437d-9556-e1ec3734eb6f [36m304[0m 12.847 ms - -[0m
[2026-06-02T15:51:35.249Z] [INFO] 节点更新成功:
{
  "nodeId": "409859a3-80f0-4b10-85f5-7a2f58f0f018",
  "userId": "eb748477-ab39-4cd3-9c18-8de0e83dc03e"
}
[0mPUT /api/nodes/409859a3-80f0-4b10-85f5-7a2f58f0f018 [32m200[0m 6.444 ms - 561[0m
[2026-06-02T15:51:39.951Z] [INFO] 节点更新成功:
{
  "nodeId": "23131759-a341-4ceb-97c1-7c3b98409e00",
  "userId": "eb748477-ab39-4cd3-9c18-8de0e83dc03e"
}
[0mPUT /api/nodes/23131759-a341-4ceb-97c1-7c3b98409e00 [32m200[0m 2.632 ms - 530[0m
[2026-06-02T15:51:43.957Z] [INFO] 节点更新成功:
{
  "nodeId": "120f07b8-8b5f-4f12-847d-994d7b069146",
  "userId": "eb748477-ab39-4cd3-9c18-8de0e83dc03e"
}
[0mPUT /api/nodes/120f07b8-8b5f-4f12-847d-994d7b069146 [32m200[0m 4.101 ms - 514[0m
[2026-06-02T15:51:55.339Z] [INFO] 节点更新成功:
{
  "nodeId": "45a63599-e909-48f8-a31c-d03f148ee403",
  "userId": "eb748477-ab39-4cd3-9c18-8de0e83dc03e"
}
[0mPUT /api/nodes/45a63599-e909-48f8-a31c-d03f148ee403 [32m200[0m 5.654 ms - 383[0m
[2026-06-02T15:51:57.486Z] [INFO] 节点更新成功:
{
  "nodeId": "45a63599-e909-48f8-a31c-d03f148ee403",
  "userId": "eb748477-ab39-4cd3-9c18-8de0e83dc03e"
}
[0mPUT /api/nodes/45a63599-e909-48f8-a31c-d03f148ee403 [32m200[0m 5.187 ms - 383[0m
[2026-06-02T15:52:00.871Z] [INFO] 节点更新成功:
{
  "nodeId": "45a63599-e909-48f8-a31c-d03f148ee403",
  "userId": "eb748477-ab39-4cd3-9c18-8de0e83dc03e"
}
[0mPUT /api/nodes/45a63599-e909-48f8-a31c-d03f148ee403 [32m200[0m 20.286 ms - 383[0m
[2026-06-02T15:52:03.723Z] [INFO] 节点更新成功:
{
  "nodeId": "45a63599-e909-48f8-a31c-d03f148ee403",
  "userId": "eb748477-ab39-4cd3-9c18-8de0e83dc03e"
}
[0mPUT /api/nodes/45a63599-e909-48f8-a31c-d03f148ee403 [32m200[0m 5.620 ms - 382[0m
[2026-06-02T15:52:04.313Z] [INFO] 节点更新成功:
{
  "nodeId": "45a63599-e909-48f8-a31c-d03f148ee403",
  "userId": "eb748477-ab39-4cd3-9c18-8de0e83dc03e"
}
[0mPUT /api/nodes/45a63599-e909-48f8-a31c-d03f148ee403 [32m200[0m 4.285 ms - 382[0m
[2026-06-02T15:52:05.875Z] [INFO] 节点更新成功:
{
  "nodeId": "54fa3442-cd71-4c3e-8313-2766b1127bdd",
  "userId": "eb748477-ab39-4cd3-9c18-8de0e83dc03e"
}
[0mPUT /api/nodes/54fa3442-cd71-4c3e-8313-2766b1127bdd [32m200[0m 2.501 ms - 376[0m
[2026-06-02T15:52:06.859Z] [INFO] 节点更新成功:
{
  "nodeId": "54fa3442-cd71-4c3e-8313-2766b1127bdd",
  "userId": "eb748477-ab39-4cd3-9c18-8de0e83dc03e"
}
[0mPUT /api/nodes/54fa3442-cd71-4c3e-8313-2766b1127bdd [32m200[0m 3.142 ms - 376[0m
[2026-06-02T15:52:07.258Z] [INFO] 节点更新成功:
{
  "nodeId": "54fa3442-cd71-4c3e-8313-2766b1127bdd",
  "userId": "eb748477-ab39-4cd3-9c18-8de0e83dc03e"
}
[0mPUT /api/nodes/54fa3442-cd71-4c3e-8313-2766b1127bdd [32m200[0m 2.546 ms - 376[0m
[2026-06-02T15:52:08.527Z] [INFO] 节点更新成功:
{
  "nodeId": "54fa3442-cd71-4c3e-8313-2766b1127bdd",
  "userId": "eb748477-ab39-4cd3-9c18-8de0e83dc03e"
}
[0mPUT /api/nodes/54fa3442-cd71-4c3e-8313-2766b1127bdd [32m200[0m 6.304 ms - 376[0m
[2026-06-02T15:52:09.165Z] [INFO] 节点更新成功:
{
  "nodeId": "54fa3442-cd71-4c3e-8313-2766b1127bdd",
  "userId": "eb748477-ab39-4cd3-9c18-8de0e83dc03e"
}
[0mPUT /api/nodes/54fa3442-cd71-4c3e-8313-2766b1127bdd [32m200[0m 4.751 ms - 376[0m
[2026-06-02T15:52:10.254Z] [INFO] 节点更新成功:
{
  "nodeId": "54fa3442-cd71-4c3e-8313-2766b1127bdd",
  "userId": "eb748477-ab39-4cd3-9c18-8de0e83dc03e"
}
[0mPUT /api/nodes/54fa3442-cd71-4c3e-8313-2766b1127bdd [32m200[0m 4.242 ms - 376[0m
[2026-06-02T15:52:11.989Z] [INFO] 节点更新成功:
{
  "nodeId": "54fa3442-cd71-4c3e-8313-2766b1127bdd",
  "userId": "eb748477-ab39-4cd3-9c18-8de0e83dc03e"
}
[0mPUT /api/nodes/54fa3442-cd71-4c3e-8313-2766b1127bdd [32m200[0m 3.237 ms - 376[0m
[2026-06-02T15:52:13.357Z] [INFO] 节点更新成功:
{
  "nodeId": "54fa3442-cd71-4c3e-8313-2766b1127bdd",
  "userId": "eb748477-ab39-4cd3-9c18-8de0e83dc03e"
}
[0mPUT /api/nodes/54fa3442-cd71-4c3e-8313-2766b1127bdd [32m200[0m 2.897 ms - 378[0m
[2026-06-02T15:52:14.525Z] [INFO] 节点更新成功:
{
  "nodeId": "54fa3442-cd71-4c3e-8313-2766b1127bdd",
  "userId": "eb748477-ab39-4cd3-9c18-8de0e83dc03e"
}
[0mPUT /api/nodes/54fa3442-cd71-4c3e-8313-2766b1127bdd [32m200[0m 3.519 ms - 376[0m
[2026-06-02T15:52:40.014Z] [WARN] 认证失败:
"Invalid or expired token"
[0mPUT /api/workflows/144235dd-e37f-437d-9556-e1ec3734eb6f/save [33m401[0m 1.831 ms - 69[0m
[0mPOST /api/auth/login [32m200[0m 112.975 ms - 664[0m
[0mGET /api/workflows [36m304[0m 14.008 ms - -[0m
[0mGET /api/workflows [36m304[0m 1.352 ms - -[0m
[0mGET /api/workflows/144235dd-e37f-437d-9556-e1ec3734eb6f [32m200[0m 20.991 ms - -[0m
[0mGET /api/workflows/144235dd-e37f-437d-9556-e1ec3734eb6f/connections [36m304[0m 24.094 ms - -[0m
[0mGET /api/workflows/144235dd-e37f-437d-9556-e1ec3734eb6f/nodes [32m200[0m 27.830 ms - -[0m
[0mGET /api/workflows/144235dd-e37f-437d-9556-e1ec3734eb6f [36m304[0m 1.876 ms - -[0m
[0mGET /api/workflows/144235dd-e37f-437d-9556-e1ec3734eb6f/connections [36m304[0m 2.989 ms - -[0m
[0mGET /api/workflows/144235dd-e37f-437d-9556-e1ec3734eb6f [36m304[0m 2.770 ms - -[0m
[0mGET /api/workflows/144235dd-e37f-437d-9556-e1ec3734eb6f/nodes [36m304[0m 2.677 ms - -[0m
[0mGET /api/workflows/144235dd-e37f-437d-9556-e1ec3734eb6f [36m304[0m 2.498 ms - -[0m
[0mGET /api/workflows/144235dd-e37f-437d-9556-e1ec3734eb6f/nodes [36m304[0m 38.715 ms - -[0m
[0mGET /api/workflows/144235dd-e37f-437d-9556-e1ec3734eb6f [36m304[0m 37.428 ms - -[0m
[0mGET /api/workflows/144235dd-e37f-437d-9556-e1ec3734eb6f/connections [36m304[0m 47.085 ms - -[0m
[0mGET /api/workflows/144235dd-e37f-437d-9556-e1ec3734eb6f/nodes [36m304[0m 5.061 ms - -[0m
[0mGET /api/workflows/144235dd-e37f-437d-9556-e1ec3734eb6f [36m304[0m 5.020 ms - -[0m
[0mGET /api/workflows/144235dd-e37f-437d-9556-e1ec3734eb6f/connections [36m304[0m 5.649 ms - -[0m
[0mGET /api/workflows/144235dd-e37f-437d-9556-e1ec3734eb6f [36m304[0m 2.722 ms - -[0m
[0mGET /api/workflows/144235dd-e37f-437d-9556-e1ec3734eb6f [36m304[0m 2.264 ms - -[0m
[0mGET /api/auth/me [36m304[0m 17.273 ms - -[0m
[0mGET /api/auth/me [36m304[0m 2.945 ms - -[0m
[0mGET /api/workflows [36m304[0m 13.368 ms - -[0m
[0mGET /api/workflows [36m304[0m 1.758 ms - -[0m
[0mGET /api/workflows/144235dd-e37f-437d-9556-e1ec3734eb6f/nodes [36m304[0m 4.828 ms - -[0m
[0mGET /api/workflows/144235dd-e37f-437d-9556-e1ec3734eb6f/connections [36m304[0m 3.996 ms - -[0m
[0mGET /api/workflows/144235dd-e37f-437d-9556-e1ec3734eb6f [36m304[0m 2.486 ms - -[0m
[0mGET /api/workflows/144235dd-e37f-437d-9556-e1ec3734eb6f/nodes [36m304[0m 3.273 ms - -[0m
[0mGET /api/workflows/144235dd-e37f-437d-9556-e1ec3734eb6f [36m304[0m 2.062 ms - -[0m
[0mGET /api/workflows/144235dd-e37f-437d-9556-e1ec3734eb6f/connections [36m304[0m 3.246 ms - -[0m
[0mGET /api/workflows/144235dd-e37f-437d-9556-e1ec3734eb6f [36m304[0m 2.008 ms - -[0m
[0mGET /api/workflows/144235dd-e37f-437d-9556-e1ec3734eb6f [36m304[0m 1.924 ms - -[0m
[2026-06-02T16:16:44.113Z] [WARN] 认证失败:
"Invalid or expired token"
[0mGET /api/workflows/144235dd-e37f-437d-9556-e1ec3734eb6f [33m401[0m 8.663 ms - 69[0m
[0mPOST /api/auth/login [32m200[0m 164.102 ms - 664[0m
[0mGET /api/workflows [36m304[0m 12.202 ms - -[0m
[0mGET /api/workflows [36m304[0m 1.246 ms - -[0m
[0mGET /api/workflows/144235dd-e37f-437d-9556-e1ec3734eb6f/connections [36m304[0m 22.854 ms - -[0m
[0mGET /api/workflows/144235dd-e37f-437d-9556-e1ec3734eb6f [36m304[0m 20.317 ms - -[0m
[0mGET /api/workflows/144235dd-e37f-437d-9556-e1ec3734eb6f/connections [36m304[0m 3.025 ms - -[0m
[0mGET /api/workflows/144235dd-e37f-437d-9556-e1ec3734eb6f/nodes [36m304[0m 20.736 ms - -[0m
[0mGET /api/workflows/144235dd-e37f-437d-9556-e1ec3734eb6f [36m304[0m 2.448 ms - -[0m
[0mGET /api/workflows/144235dd-e37f-437d-9556-e1ec3734eb6f/nodes [36m304[0m 1.808 ms - -[0m
[0mGET /api/workflows/144235dd-e37f-437d-9556-e1ec3734eb6f [36m304[0m 2.278 ms - -[0m
[0mGET /api/workflows/144235dd-e37f-437d-9556-e1ec3734eb6f [36m304[0m 2.459 ms - -[0m
[0mGET /api/workflows/144235dd-e37f-437d-9556-e1ec3734eb6f [36m304[0m 17.112 ms - -[0m
[0mGET /api/workflows/144235dd-e37f-437d-9556-e1ec3734eb6f/connections [36m304[0m 2.407 ms - -[0m
[0mGET /api/workflows/144235dd-e37f-437d-9556-e1ec3734eb6f [36m304[0m 2.706 ms - -[0m
[0mGET /api/auth/me [36m304[0m 2.278 ms - -[0m
[0mGET /api/workflows/144235dd-e37f-437d-9556-e1ec3734eb6f/nodes [36m304[0m 7.008 ms - -[0m
[0mGET /api/auth/me [36m304[0m 5.324 ms - -[0m
[0mGET /api/workflows/144235dd-e37f-437d-9556-e1ec3734eb6f [36m304[0m 5.095 ms - -[0m
[0mGET /api/workflows/144235dd-e37f-437d-9556-e1ec3734eb6f/connections [36m304[0m 10.650 ms - -[0m
[0mGET /api/workflows/144235dd-e37f-437d-9556-e1ec3734eb6f/nodes [36m304[0m 8.325 ms - -[0m
[0mGET /api/workflows/144235dd-e37f-437d-9556-e1ec3734eb6f [36m304[0m 2.021 ms - -[0m
[0mGET /api/workflows/144235dd-e37f-437d-9556-e1ec3734eb6f [36m304[0m 2.594 ms - -[0m
[0mGET /api/workflows/144235dd-e37f-437d-9556-e1ec3734eb6f/nodes [36m304[0m 4.602 ms - -[0m
[0mGET /api/workflows/144235dd-e37f-437d-9556-e1ec3734eb6f/connections [36m304[0m 4.464 ms - -[0m
[0mGET /api/workflows/144235dd-e37f-437d-9556-e1ec3734eb6f [36m304[0m 2.318 ms - -[0m
[0mGET /api/workflows/144235dd-e37f-437d-9556-e1ec3734eb6f [36m304[0m 30.593 ms - -[0m
[0mGET /api/workflows/144235dd-e37f-437d-9556-e1ec3734eb6f/nodes [36m304[0m 35.523 ms - -[0m
[0mGET /api/workflows/144235dd-e37f-437d-9556-e1ec3734eb6f/connections [36m304[0m 28.614 ms - -[0m
[0mGET /api/workflows/144235dd-e37f-437d-9556-e1ec3734eb6f [36m304[0m 4.215 ms - -[0m
[0mGET /api/workflows/144235dd-e37f-437d-9556-e1ec3734eb6f [36m304[0m 3.010 ms - -[0m
[0mGET /api/auth/me [36m304[0m 8.851 ms - -[0m
[0mGET /api/workflows/144235dd-e37f-437d-9556-e1ec3734eb6f/nodes [36m304[0m 13.660 ms - -[0m
[0mGET /api/workflows/144235dd-e37f-437d-9556-e1ec3734eb6f/connections [36m304[0m 12.092 ms - -[0m
[0mGET /api/workflows/144235dd-e37f-437d-9556-e1ec3734eb6f [36m304[0m 11.915 ms - -[0m
[0mGET /api/auth/me [36m304[0m 1.675 ms - -[0m
[0mGET /api/workflows/144235dd-e37f-437d-9556-e1ec3734eb6f/nodes [36m304[0m 4.130 ms - -[0m
[0mGET /api/workflows/144235dd-e37f-437d-9556-e1ec3734eb6f/connections [36m304[0m 3.475 ms - -[0m
[0mGET /api/workflows/144235dd-e37f-437d-9556-e1ec3734eb6f [36m304[0m 4.947 ms - -[0m
[0mGET /api/workflows/144235dd-e37f-437d-9556-e1ec3734eb6f/nodes [36m304[0m 10.961 ms - -[0m
[0mGET /api/workflows/144235dd-e37f-437d-9556-e1ec3734eb6f/connections [36m304[0m 10.549 ms - -[0m
[0mGET /api/workflows/144235dd-e37f-437d-9556-e1ec3734eb6f [36m304[0m 13.139 ms - -[0m
[0mGET /api/workflows/144235dd-e37f-437d-9556-e1ec3734eb6f/nodes [36m304[0m 2.778 ms - -[0m
[0mGET /api/workflows/144235dd-e37f-437d-9556-e1ec3734eb6f/connections [36m304[0m 2.887 ms - -[0m
[0mGET /api/workflows/144235dd-e37f-437d-9556-e1ec3734eb6f [36m304[0m 3.287 ms - -[0m
[0mGET /api/workflows/144235dd-e37f-437d-9556-e1ec3734eb6f [36m304[0m 4.713 ms - -[0m
[0mGET /api/workflows/144235dd-e37f-437d-9556-e1ec3734eb6f [36m304[0m 5.959 ms - -[0m
[0mGET /api/workflows/144235dd-e37f-437d-9556-e1ec3734eb6f [36m304[0m 5.068 ms - -[0m
[0mGET /api/workflows/144235dd-e37f-437d-9556-e1ec3734eb6f [36m304[0m 6.072 ms - -[0m
[0mGET /api/auth/me [36m304[0m 46.162 ms - -[0m
[0mGET /api/auth/me [36m304[0m 1.729 ms - -[0m
[0mGET /api/workflows [36m304[0m 10.295 ms - -[0m
[0mGET /api/workflows [36m304[0m 1.423 ms - -[0m
[0mGET /api/workflows/144235dd-e37f-437d-9556-e1ec3734eb6f [36m304[0m 22.505 ms - -[0m
[0mGET /api/workflows/144235dd-e37f-437d-9556-e1ec3734eb6f [36m304[0m 2.497 ms - -[0m
[0mGET /api/workflows/144235dd-e37f-437d-9556-e1ec3734eb6f/nodes [36m304[0m 33.089 ms - -[0m
[0mGET /api/workflows/144235dd-e37f-437d-9556-e1ec3734eb6f/connections [36m304[0m 31.847 ms - -[0m
[0mGET /api/workflows/144235dd-e37f-437d-9556-e1ec3734eb6f [36m304[0m 2.484 ms - -[0m
[0mGET /api/workflows/144235dd-e37f-437d-9556-e1ec3734eb6f/nodes [36m304[0m 2.477 ms - -[0m
[0mGET /api/workflows/144235dd-e37f-437d-9556-e1ec3734eb6f/connections [36m304[0m 2.213 ms - -[0m
[0mGET /api/workflows/144235dd-e37f-437d-9556-e1ec3734eb6f [36m304[0m 2.318 ms - -[0m
[2026-06-02T16:24:13.690Z] [INFO] 节点更新成功:
{
  "nodeId": "45a63599-e909-48f8-a31c-d03f148ee403",
  "userId": "eb748477-ab39-4cd3-9c18-8de0e83dc03e"
}
[0mPUT /api/nodes/45a63599-e909-48f8-a31c-d03f148ee403 [32m200[0m 22.836 ms - 382[0m
[2026-06-02T16:24:15.797Z] [INFO] 节点更新成功:
{
  "nodeId": "45a63599-e909-48f8-a31c-d03f148ee403",
  "userId": "eb748477-ab39-4cd3-9c18-8de0e83dc03e"
}
[0mPUT /api/nodes/45a63599-e909-48f8-a31c-d03f148ee403 [32m200[0m 3.773 ms - 382[0m
[2026-06-02T16:24:17.320Z] [INFO] 节点更新成功:
{
  "nodeId": "45a63599-e909-48f8-a31c-d03f148ee403",
  "userId": "eb748477-ab39-4cd3-9c18-8de0e83dc03e"
}
[0mPUT /api/nodes/45a63599-e909-48f8-a31c-d03f148ee403 [32m200[0m 3.131 ms - 382[0m
[2026-06-02T16:24:17.670Z] [INFO] 节点更新成功:
{
  "nodeId": "45a63599-e909-48f8-a31c-d03f148ee403",
  "userId": "eb748477-ab39-4cd3-9c18-8de0e83dc03e"
}
[0mPUT /api/nodes/45a63599-e909-48f8-a31c-d03f148ee403 [32m200[0m 7.452 ms - 382[0m
[2026-06-02T16:24:18.421Z] [INFO] 节点更新成功:
{
  "nodeId": "45a63599-e909-48f8-a31c-d03f148ee403",
  "userId": "eb748477-ab39-4cd3-9c18-8de0e83dc03e"
}
[0mPUT /api/nodes/45a63599-e909-48f8-a31c-d03f148ee403 [32m200[0m 5.109 ms - 382[0m
[2026-06-02T16:25:01.467Z] [INFO] 节点更新成功:
{
  "nodeId": "120f07b8-8b5f-4f12-847d-994d7b069146",
  "userId": "eb748477-ab39-4cd3-9c18-8de0e83dc03e"
}
[0mPUT /api/nodes/120f07b8-8b5f-4f12-847d-994d7b069146 [32m200[0m 7.115 ms - 514[0m
[2026-06-02T16:25:05.119Z] [INFO] 节点更新成功:
{
  "nodeId": "ebe61b0e-ac95-4230-ae37-bf6a6439c57d",
  "userId": "eb748477-ab39-4cd3-9c18-8de0e83dc03e"
}
[0mPUT /api/nodes/ebe61b0e-ac95-4230-ae37-bf6a6439c57d [32m200[0m 5.300 ms - 527[0m
[2026-06-02T16:25:08.082Z] [INFO] 节点更新成功:
{
  "nodeId": "7cc612a1-e350-4fdf-b3a4-902fcac9e011",
  "userId": "eb748477-ab39-4cd3-9c18-8de0e83dc03e"
}
[0mPUT /api/nodes/7cc612a1-e350-4fdf-b3a4-902fcac9e011 [32m200[0m 3.753 ms - 527[0m
[2026-06-02T16:25:24.321Z] [INFO] 节点更新成功:
{
  "nodeId": "120f07b8-8b5f-4f12-847d-994d7b069146",
  "userId": "eb748477-ab39-4cd3-9c18-8de0e83dc03e"
}
[0mPUT /api/nodes/120f07b8-8b5f-4f12-847d-994d7b069146 [32m200[0m 4.989 ms - 514[0m
[2026-06-02T16:26:13.205Z] [INFO] 连接添加成功:
{
  "connectionId": "5717bdf0-9b5c-4152-9f21-92a3012a4ac1",
  "workflowId": "144235dd-e37f-437d-9556-e1ec3734eb6f"
}
[0mPOST /api/workflows/144235dd-e37f-437d-9556-e1ec3734eb6f/connections [32m201[0m 17.554 ms - 339[0m
[2026-06-02T16:26:16.615Z] [INFO] 连接添加成功:
{
  "connectionId": "a389aaac-b980-4043-a339-ab6e2ee5b367",
  "workflowId": "144235dd-e37f-437d-9556-e1ec3734eb6f"
}
[0mPOST /api/workflows/144235dd-e37f-437d-9556-e1ec3734eb6f/connections [32m201[0m 3.542 ms - 343[0m
[2026-06-02T16:26:18.956Z] [INFO] 连接添加成功:
{
  "connectionId": "d7e6cef2-ef34-4073-8ab6-9d4d2c3dd37e",
  "workflowId": "144235dd-e37f-437d-9556-e1ec3734eb6f"
}
[0mPOST /api/workflows/144235dd-e37f-437d-9556-e1ec3734eb6f/connections [32m201[0m 4.858 ms - 343[0m
[2026-06-02T16:26:22.879Z] [INFO] 工作流保存成功
{
  "workflowId": "144235dd-e37f-437d-9556-e1ec3734eb6f"
}
[0mPUT /api/workflows/144235dd-e37f-437d-9556-e1ec3734eb6f/save [32m200[0m 38.565 ms - -[0m
[0mGET /api/auth/me [36m304[0m 2.918 ms - -[0m
[0mGET /api/auth/me [36m304[0m 1.422 ms - -[0m
[0mGET /api/workflows [36m304[0m 5.173 ms - -[0m
[0mGET /api/workflows [36m304[0m 4.289 ms - -[0m
[0mGET /api/workflows/144235dd-e37f-437d-9556-e1ec3734eb6f/connections [32m200[0m 14.100 ms - -[0m
[0mGET /api/workflows/144235dd-e37f-437d-9556-e1ec3734eb6f [32m200[0m 14.040 ms - -[0m
[0mGET /api/workflows/144235dd-e37f-437d-9556-e1ec3734eb6f/nodes [32m200[0m 16.421 ms - -[0m
[0mGET /api/workflows/144235dd-e37f-437d-9556-e1ec3734eb6f/connections [36m304[0m 3.967 ms - -[0m
[0mGET /api/workflows/144235dd-e37f-437d-9556-e1ec3734eb6f [36m304[0m 2.393 ms - -[0m
[0mGET /api/workflows/144235dd-e37f-437d-9556-e1ec3734eb6f/nodes [36m304[0m 2.411 ms - -[0m
[0mGET /api/workflows/144235dd-e37f-437d-9556-e1ec3734eb6f [36m304[0m 2.097 ms - -[0m
[0mGET /api/workflows/144235dd-e37f-437d-9556-e1ec3734eb6f [36m304[0m 2.364 ms - -[0m
[0mGET /api/auth/me [36m304[0m 1.876 ms - -[0m
[0mGET /api/auth/me [36m304[0m 1.057 ms - -[0m
[0mGET /api/workflows [36m304[0m 1.789 ms - -[0m
[0mGET /api/workflows [36m304[0m 2.886 ms - -[0m
[0mGET /api/workflows/49cd08d6-f27a-40fc-ab48-1bc100192805/connections [36m304[0m 7.508 ms - -[0m
[0mGET /api/workflows/49cd08d6-f27a-40fc-ab48-1bc100192805/nodes [36m304[0m 6.600 ms - -[0m
[0mGET /api/workflows/49cd08d6-f27a-40fc-ab48-1bc100192805 [36m304[0m 6.270 ms - -[0m
[0mGET /api/workflows/49cd08d6-f27a-40fc-ab48-1bc100192805/connections [36m304[0m 2.045 ms - -[0m
[0mGET /api/workflows/49cd08d6-f27a-40fc-ab48-1bc100192805/nodes [36m304[0m 3.124 ms - -[0m
[0mGET /api/workflows/49cd08d6-f27a-40fc-ab48-1bc100192805 [36m304[0m 2.279 ms - -[0m
[0mGET /api/workflows/49cd08d6-f27a-40fc-ab48-1bc100192805 [36m304[0m 2.967 ms - -[0m
[0mGET /api/workflows/49cd08d6-f27a-40fc-ab48-1bc100192805 [36m304[0m 33.572 ms - -[0m
[2026-06-02T16:26:58.287Z] [INFO] 节点更新成功:
{
  "nodeId": "86a2892a-1a53-4cc7-a096-a6f916cf898e",
  "userId": "eb748477-ab39-4cd3-9c18-8de0e83dc03e"
}
[0mPUT /api/nodes/86a2892a-1a53-4cc7-a096-a6f916cf898e [32m200[0m 6.542 ms - 505[0m
[2026-06-02T16:26:59.304Z] [INFO] 节点更新成功:
{
  "nodeId": "86a2892a-1a53-4cc7-a096-a6f916cf898e",
  "userId": "eb748477-ab39-4cd3-9c18-8de0e83dc03e"
}
[0mPUT /api/nodes/86a2892a-1a53-4cc7-a096-a6f916cf898e [32m200[0m 3.924 ms - 505[0m
[2026-06-02T16:27:00.053Z] [INFO] 节点更新成功:
{
  "nodeId": "86a2892a-1a53-4cc7-a096-a6f916cf898e",
  "userId": "eb748477-ab39-4cd3-9c18-8de0e83dc03e"
}
[0mPUT /api/nodes/86a2892a-1a53-4cc7-a096-a6f916cf898e [32m200[0m 4.990 ms - 505[0m
[2026-06-02T16:27:02.268Z] [INFO] 节点更新成功:
{
  "nodeId": "86a2892a-1a53-4cc7-a096-a6f916cf898e",
  "userId": "eb748477-ab39-4cd3-9c18-8de0e83dc03e"
}
[0mPUT /api/nodes/86a2892a-1a53-4cc7-a096-a6f916cf898e [32m200[0m 3.034 ms - 504[0m
[2026-06-02T16:27:05.501Z] [INFO] 节点更新成功:
{
  "nodeId": "86a2892a-1a53-4cc7-a096-a6f916cf898e",
  "userId": "eb748477-ab39-4cd3-9c18-8de0e83dc03e"
}
[0mPUT /api/nodes/86a2892a-1a53-4cc7-a096-a6f916cf898e [32m200[0m 3.007 ms - 503[0m
[0mGET /api/auth/me [36m304[0m 22.643 ms - -[0m
[0mGET /api/auth/me [36m304[0m 1.020 ms - -[0m
[0mGET /api/workflows [36m304[0m 9.271 ms - -[0m
[0mGET /api/workflows [36m304[0m 1.378 ms - -[0m
[0mGET /api/auth/me [36m304[0m 1.521 ms - -[0m
[0mGET /api/auth/me [36m304[0m 1.186 ms - -[0m
[0mGET /api/workflows [36m304[0m 3.114 ms - -[0m
[0mGET /api/workflows [36m304[0m 2.800 ms - -[0m
[0mGET /api/auth/me [36m304[0m 2.104 ms - -[0m
[0mGET /api/auth/me [36m304[0m 1.437 ms - -[0m
[0mGET /api/workflows [36m304[0m 1.888 ms - -[0m
[0mGET /api/workflows [36m304[0m 1.798 ms - -[0m
[0mGET /api/auth/me [36m304[0m 7.357 ms - -[0m
[0mGET /api/auth/me [36m304[0m 4.271 ms - -[0m
[0mGET /api/workflows/144235dd-e37f-437d-9556-e1ec3734eb6f [36m304[0m 21.204 ms - -[0m
[0mGET /api/workflows/144235dd-e37f-437d-9556-e1ec3734eb6f [36m304[0m 3.020 ms - -[0m
[0mGET /api/workflows/144235dd-e37f-437d-9556-e1ec3734eb6f/nodes [36m304[0m 40.658 ms - -[0m
[0mGET /api/workflows/144235dd-e37f-437d-9556-e1ec3734eb6f/connections [36m304[0m 34.319 ms - -[0m
[0mGET /api/workflows/144235dd-e37f-437d-9556-e1ec3734eb6f [36m304[0m 3.010 ms - -[0m
[0mGET /api/workflows/144235dd-e37f-437d-9556-e1ec3734eb6f/nodes [36m304[0m 3.591 ms - -[0m
[0mGET /api/workflows/144235dd-e37f-437d-9556-e1ec3734eb6f/connections [36m304[0m 33.103 ms - -[0m
[0mGET /api/workflows/144235dd-e37f-437d-9556-e1ec3734eb6f [36m304[0m 34.906 ms - -[0m
[0mGET /api/workflows/144235dd-e37f-437d-9556-e1ec3734eb6f/nodes [36m304[0m 42.637 ms - -[0m
[0mGET /api/workflows/144235dd-e37f-437d-9556-e1ec3734eb6f/connections [36m304[0m 3.313 ms - -[0m
[0mGET /api/workflows/144235dd-e37f-437d-9556-e1ec3734eb6f [36m304[0m 2.186 ms - -[0m
[0mGET /api/workflows/144235dd-e37f-437d-9556-e1ec3734eb6f/connections [36m304[0m 4.030 ms - -[0m
[0mGET /api/workflows/144235dd-e37f-437d-9556-e1ec3734eb6f [36m304[0m 4.865 ms - -[0m
[0mGET /api/workflows/144235dd-e37f-437d-9556-e1ec3734eb6f/nodes [36m304[0m 11.004 ms - -[0m
[0mGET /api/workflows/144235dd-e37f-437d-9556-e1ec3734eb6f [36m304[0m 5.739 ms - -[0m
[0mGET /api/workflows/144235dd-e37f-437d-9556-e1ec3734eb6f [36m304[0m 4.050 ms - -[0m
[2026-06-02T16:32:40.184Z] [WARN] 认证失败:
"Invalid or expired token"
[0mGET /api/auth/me [33m401[0m 2.760 ms - 69[0m
[2026-06-02T16:32:40.188Z] [WARN] 认证失败:
"Invalid or expired token"
[0mGET /api/auth/me [33m401[0m 0.362 ms - 69[0m
[0mPOST /api/auth/login [32m200[0m 95.685 ms - 664[0m
[0mGET /api/workflows [36m304[0m 2.327 ms - -[0m
[0mGET /api/workflows [36m304[0m 1.025 ms - -[0m
[0mGET /api/workflows/49cd08d6-f27a-40fc-ab48-1bc100192805/connections [36m304[0m 13.396 ms - -[0m
[0mGET /api/workflows/49cd08d6-f27a-40fc-ab48-1bc100192805 [32m200[0m 12.441 ms - -[0m
[0mGET /api/workflows/49cd08d6-f27a-40fc-ab48-1bc100192805/nodes [32m200[0m 19.675 ms - -[0m
[0mGET /api/workflows/49cd08d6-f27a-40fc-ab48-1bc100192805/connections [36m304[0m 3.184 ms - -[0m
[0mGET /api/workflows/49cd08d6-f27a-40fc-ab48-1bc100192805/nodes [36m304[0m 3.496 ms - -[0m
[0mGET /api/workflows/49cd08d6-f27a-40fc-ab48-1bc100192805 [36m304[0m 3.107 ms - -[0m
[0mGET /api/workflows/49cd08d6-f27a-40fc-ab48-1bc100192805 [36m304[0m 3.577 ms - -[0m
[0mGET /api/workflows/49cd08d6-f27a-40fc-ab48-1bc100192805 [36m304[0m 1.666 ms - -[0m
[0mGET /api/workflows [36m304[0m 2.621 ms - -[0m
[0mGET /api/workflows [36m304[0m 1.202 ms - -[0m
[0mGET /api/workflows/144235dd-e37f-437d-9556-e1ec3734eb6f/nodes [36m304[0m 4.820 ms - -[0m
[0mGET /api/workflows/144235dd-e37f-437d-9556-e1ec3734eb6f [36m304[0m 4.462 ms - -[0m
[0mGET /api/workflows/144235dd-e37f-437d-9556-e1ec3734eb6f/connections [36m304[0m 6.019 ms - -[0m
[0mGET /api/workflows/144235dd-e37f-437d-9556-e1ec3734eb6f/nodes [36m304[0m 2.577 ms - -[0m
[0mGET /api/workflows/144235dd-e37f-437d-9556-e1ec3734eb6f [36m304[0m 8.397 ms - -[0m
[0mGET /api/workflows/144235dd-e37f-437d-9556-e1ec3734eb6f/connections [36m304[0m 9.018 ms - -[0m
[0mGET /api/workflows/144235dd-e37f-437d-9556-e1ec3734eb6f [36m304[0m 19.257 ms - -[0m
[0mGET /api/workflows/144235dd-e37f-437d-9556-e1ec3734eb6f [36m304[0m 3.038 ms - -[0m
[2026-06-02T16:33:08.521Z] [INFO] 节点更新成功:
{
  "nodeId": "45a63599-e909-48f8-a31c-d03f148ee403",
  "userId": "eb748477-ab39-4cd3-9c18-8de0e83dc03e"
}
[0mPUT /api/nodes/45a63599-e909-48f8-a31c-d03f148ee403 [32m200[0m 7.762 ms - 515[0m
[2026-06-02T16:33:12.828Z] [INFO] 节点更新成功:
{
  "nodeId": "54fa3442-cd71-4c3e-8313-2766b1127bdd",
  "userId": "eb748477-ab39-4cd3-9c18-8de0e83dc03e"
}
[0mPUT /api/nodes/54fa3442-cd71-4c3e-8313-2766b1127bdd [32m200[0m 3.869 ms - 490[0m
[2026-06-02T16:33:14.016Z] [INFO] 节点更新成功:
{
  "nodeId": "23131759-a341-4ceb-97c1-7c3b98409e00",
  "userId": "eb748477-ab39-4cd3-9c18-8de0e83dc03e"
}
[0mPUT /api/nodes/23131759-a341-4ceb-97c1-7c3b98409e00 [32m200[0m 3.671 ms - 530[0m
[2026-06-02T16:33:14.947Z] [INFO] 节点更新成功:
{
  "nodeId": "54fa3442-cd71-4c3e-8313-2766b1127bdd",
  "userId": "eb748477-ab39-4cd3-9c18-8de0e83dc03e"
}
[0mPUT /api/nodes/54fa3442-cd71-4c3e-8313-2766b1127bdd [32m200[0m 10.273 ms - 490[0m
[2026-06-02T16:33:15.684Z] [INFO] 节点更新成功:
{
  "nodeId": "120f07b8-8b5f-4f12-847d-994d7b069146",
  "userId": "eb748477-ab39-4cd3-9c18-8de0e83dc03e"
}
[0mPUT /api/nodes/120f07b8-8b5f-4f12-847d-994d7b069146 [32m200[0m 5.183 ms - 517[0m
[2026-06-02T16:33:17.110Z] [INFO] 节点更新成功:
{
  "nodeId": "54fa3442-cd71-4c3e-8313-2766b1127bdd",
  "userId": "eb748477-ab39-4cd3-9c18-8de0e83dc03e"
}
[0mPUT /api/nodes/54fa3442-cd71-4c3e-8313-2766b1127bdd [32m200[0m 3.473 ms - 490[0m
[2026-06-02T16:33:17.355Z] [INFO] 节点更新成功:
{
  "nodeId": "54fa3442-cd71-4c3e-8313-2766b1127bdd",
  "userId": "eb748477-ab39-4cd3-9c18-8de0e83dc03e"
}
[0mPUT /api/nodes/54fa3442-cd71-4c3e-8313-2766b1127bdd [32m200[0m 3.835 ms - 490[0m
[2026-06-02T16:35:02.815Z] [INFO] 工作流保存成功
{
  "workflowId": "144235dd-e37f-437d-9556-e1ec3734eb6f"
}
[0mPUT /api/workflows/144235dd-e37f-437d-9556-e1ec3734eb6f/save [32m200[0m 43.194 ms - -[0m
[0mGET /api/workflows/144235dd-e37f-437d-9556-e1ec3734eb6f/nodes [32m200[0m 45.962 ms - -[0m
[0mGET /api/workflows/144235dd-e37f-437d-9556-e1ec3734eb6f [32m200[0m 44.998 ms - -[0m
[0mGET /api/workflows/144235dd-e37f-437d-9556-e1ec3734eb6f/connections [32m200[0m 69.752 ms - -[0m
[0mGET /api/auth/me [36m304[0m 25.312 ms - -[0m
[0mGET /api/auth/me [36m304[0m 1.278 ms - -[0m
[0mGET /api/workflows [36m304[0m 10.342 ms - -[0m
[0mGET /api/workflows [36m304[0m 12.994 ms - -[0m
[0mGET /api/workflows/144235dd-e37f-437d-9556-e1ec3734eb6f [36m304[0m 5.234 ms - -[0m
[0mGET /api/workflows/144235dd-e37f-437d-9556-e1ec3734eb6f/nodes [36m304[0m 10.205 ms - -[0m
[0mGET /api/workflows/144235dd-e37f-437d-9556-e1ec3734eb6f/connections [36m304[0m 9.782 ms - -[0m
[0mGET /api/workflows/144235dd-e37f-437d-9556-e1ec3734eb6f [36m304[0m 1.917 ms - -[0m
[0mGET /api/workflows/144235dd-e37f-437d-9556-e1ec3734eb6f/connections [36m304[0m 1.960 ms - -[0m
[0mGET /api/workflows/144235dd-e37f-437d-9556-e1ec3734eb6f/nodes [36m304[0m 3.960 ms - -[0m
[0mGET /api/workflows/144235dd-e37f-437d-9556-e1ec3734eb6f [36m304[0m 2.116 ms - -[0m
[0mGET /api/workflows/144235dd-e37f-437d-9556-e1ec3734eb6f [36m304[0m 4.598 ms - -[0m
[2026-06-02T16:39:30.142Z] [INFO] 节点更新成功:
{
  "nodeId": "54fa3442-cd71-4c3e-8313-2766b1127bdd",
  "userId": "eb748477-ab39-4cd3-9c18-8de0e83dc03e"
}
[0mPUT /api/nodes/54fa3442-cd71-4c3e-8313-2766b1127bdd [32m200[0m 10.256 ms - 521[0m
[2026-06-02T16:39:32.566Z] [INFO] 节点更新成功:
{
  "nodeId": "54fa3442-cd71-4c3e-8313-2766b1127bdd",
  "userId": "eb748477-ab39-4cd3-9c18-8de0e83dc03e"
}
[0mPUT /api/nodes/54fa3442-cd71-4c3e-8313-2766b1127bdd [32m200[0m 12.235 ms - 521[0m
[2026-06-02T16:39:33.924Z] [INFO] 节点更新成功:
{
  "nodeId": "45a63599-e909-48f8-a31c-d03f148ee403",
  "userId": "eb748477-ab39-4cd3-9c18-8de0e83dc03e"
}
[0mPUT /api/nodes/45a63599-e909-48f8-a31c-d03f148ee403 [32m200[0m 5.346 ms - 515[0m
[2026-06-02T16:39:34.522Z] [INFO] 节点更新成功:
{
  "nodeId": "45a63599-e909-48f8-a31c-d03f148ee403",
  "userId": "eb748477-ab39-4cd3-9c18-8de0e83dc03e"
}
[0mPUT /api/nodes/45a63599-e909-48f8-a31c-d03f148ee403 [32m200[0m 4.590 ms - 515[0m
[2026-06-02T16:39:35.346Z] [INFO] 节点更新成功:
{
  "nodeId": "45a63599-e909-48f8-a31c-d03f148ee403",
  "userId": "eb748477-ab39-4cd3-9c18-8de0e83dc03e"
}
[0mPUT /api/nodes/45a63599-e909-48f8-a31c-d03f148ee403 [32m200[0m 7.998 ms - 515[0m
[2026-06-02T16:39:36.741Z] [INFO] 节点更新成功:
{
  "nodeId": "54fa3442-cd71-4c3e-8313-2766b1127bdd",
  "userId": "eb748477-ab39-4cd3-9c18-8de0e83dc03e"
}
[0mPUT /api/nodes/54fa3442-cd71-4c3e-8313-2766b1127bdd [32m200[0m 8.653 ms - 521[0m
[2026-06-02T16:39:38.337Z] [INFO] 节点更新成功:
{
  "nodeId": "45a63599-e909-48f8-a31c-d03f148ee403",
  "userId": "eb748477-ab39-4cd3-9c18-8de0e83dc03e"
}
[0mPUT /api/nodes/45a63599-e909-48f8-a31c-d03f148ee403 [32m200[0m 5.299 ms - 515[0m
[2026-06-02T16:39:40.122Z] [INFO] 节点更新成功:
{
  "nodeId": "45a63599-e909-48f8-a31c-d03f148ee403",
  "userId": "eb748477-ab39-4cd3-9c18-8de0e83dc03e"
}
[0mPUT /api/nodes/45a63599-e909-48f8-a31c-d03f148ee403 [32m200[0m 5.397 ms - 515[0m
[2026-06-02T16:39:40.837Z] [INFO] 节点更新成功:
{
  "nodeId": "45a63599-e909-48f8-a31c-d03f148ee403",
  "userId": "eb748477-ab39-4cd3-9c18-8de0e83dc03e"
}
[0mPUT /api/nodes/45a63599-e909-48f8-a31c-d03f148ee403 [32m200[0m 4.225 ms - 515[0m
[2026-06-02T16:39:41.474Z] [INFO] 节点更新成功:
{
  "nodeId": "45a63599-e909-48f8-a31c-d03f148ee403",
  "userId": "eb748477-ab39-4cd3-9c18-8de0e83dc03e"
}
[0mPUT /api/nodes/45a63599-e909-48f8-a31c-d03f148ee403 [32m200[0m 3.785 ms - 515[0m
[2026-06-02T16:39:42.386Z] [INFO] 节点更新成功:
{
  "nodeId": "45a63599-e909-48f8-a31c-d03f148ee403",
  "userId": "eb748477-ab39-4cd3-9c18-8de0e83dc03e"
}
[0mPUT /api/nodes/45a63599-e909-48f8-a31c-d03f148ee403 [32m200[0m 11.263 ms - 515[0m
[2026-06-02T16:39:43.306Z] [INFO] 节点更新成功:
{
  "nodeId": "45a63599-e909-48f8-a31c-d03f148ee403",
  "userId": "eb748477-ab39-4cd3-9c18-8de0e83dc03e"
}
[0mPUT /api/nodes/45a63599-e909-48f8-a31c-d03f148ee403 [32m200[0m 4.440 ms - 515[0m
[2026-06-02T16:39:44.314Z] [INFO] 节点更新成功:
{
  "nodeId": "45a63599-e909-48f8-a31c-d03f148ee403",
  "userId": "eb748477-ab39-4cd3-9c18-8de0e83dc03e"
}
[0mPUT /api/nodes/45a63599-e909-48f8-a31c-d03f148ee403 [32m200[0m 2.960 ms - 515[0m
[2026-06-02T16:39:45.168Z] [INFO] 节点更新成功:
{
  "nodeId": "45a63599-e909-48f8-a31c-d03f148ee403",
  "userId": "eb748477-ab39-4cd3-9c18-8de0e83dc03e"
}
[0mPUT /api/nodes/45a63599-e909-48f8-a31c-d03f148ee403 [32m200[0m 4.214 ms - 515[0m
[2026-06-02T16:39:47.736Z] [INFO] 节点更新成功:
{
  "nodeId": "23131759-a341-4ceb-97c1-7c3b98409e00",
  "userId": "eb748477-ab39-4cd3-9c18-8de0e83dc03e"
}
[0mPUT /api/nodes/23131759-a341-4ceb-97c1-7c3b98409e00 [32m200[0m 6.462 ms - 533[0m
[2026-06-02T16:39:49.322Z] [INFO] 节点更新成功:
{
  "nodeId": "23131759-a341-4ceb-97c1-7c3b98409e00",
  "userId": "eb748477-ab39-4cd3-9c18-8de0e83dc03e"
}
[0mPUT /api/nodes/23131759-a341-4ceb-97c1-7c3b98409e00 [32m200[0m 4.153 ms - 533[0m
[2026-06-02T16:39:51.851Z] [INFO] 节点更新成功:
{
  "nodeId": "54fa3442-cd71-4c3e-8313-2766b1127bdd",
  "userId": "eb748477-ab39-4cd3-9c18-8de0e83dc03e"
}
[0mPUT /api/nodes/54fa3442-cd71-4c3e-8313-2766b1127bdd [32m200[0m 4.132 ms - 520[0m
[2026-06-02T16:39:52.959Z] [INFO] 节点更新成功:
{
  "nodeId": "409859a3-80f0-4b10-85f5-7a2f58f0f018",
  "userId": "eb748477-ab39-4cd3-9c18-8de0e83dc03e"
}
[0mPUT /api/nodes/409859a3-80f0-4b10-85f5-7a2f58f0f018 [32m200[0m 2.898 ms - 561[0m
[2026-06-02T16:40:03.785Z] [INFO] 节点更新成功:
{
  "nodeId": "54fa3442-cd71-4c3e-8313-2766b1127bdd",
  "userId": "eb748477-ab39-4cd3-9c18-8de0e83dc03e"
}
[0mPUT /api/nodes/54fa3442-cd71-4c3e-8313-2766b1127bdd [32m200[0m 5.115 ms - 520[0m
[2026-06-02T16:40:08.422Z] [INFO] 节点更新成功:
{
  "nodeId": "45a63599-e909-48f8-a31c-d03f148ee403",
  "userId": "eb748477-ab39-4cd3-9c18-8de0e83dc03e"
}
[0mPUT /api/nodes/45a63599-e909-48f8-a31c-d03f148ee403 [32m200[0m 3.632 ms - 515[0m
[2026-06-02T16:40:10.538Z] [INFO] 节点更新成功:
{
  "nodeId": "54fa3442-cd71-4c3e-8313-2766b1127bdd",
  "userId": "eb748477-ab39-4cd3-9c18-8de0e83dc03e"
}
[0mPUT /api/nodes/54fa3442-cd71-4c3e-8313-2766b1127bdd [32m200[0m 5.053 ms - 520[0m
[2026-06-02T16:40:12.154Z] [INFO] 节点更新成功:
{
  "nodeId": "120f07b8-8b5f-4f12-847d-994d7b069146",
  "userId": "eb748477-ab39-4cd3-9c18-8de0e83dc03e"
}
[0mPUT /api/nodes/120f07b8-8b5f-4f12-847d-994d7b069146 [32m200[0m 6.835 ms - 517[0m
[2026-06-02T16:40:13.325Z] [INFO] 节点更新成功:
{
  "nodeId": "120f07b8-8b5f-4f12-847d-994d7b069146",
  "userId": "eb748477-ab39-4cd3-9c18-8de0e83dc03e"
}
[0mPUT /api/nodes/120f07b8-8b5f-4f12-847d-994d7b069146 [32m200[0m 4.263 ms - 517[0m
[2026-06-02T16:40:14.590Z] [INFO] 节点更新成功:
{
  "nodeId": "23131759-a341-4ceb-97c1-7c3b98409e00",
  "userId": "eb748477-ab39-4cd3-9c18-8de0e83dc03e"
}
[0mPUT /api/nodes/23131759-a341-4ceb-97c1-7c3b98409e00 [32m200[0m 3.440 ms - 533[0m
[2026-06-02T16:52:42.438Z] [WARN] 认证失败:
"Invalid or expired token"
[0mGET /api/auth/me [33m401[0m 13.370 ms - 69[0m
[2026-06-02T16:52:42.449Z] [WARN] 认证失败:
"Invalid or expired token"
[0mGET /api/auth/me [33m401[0m 0.531 ms - 69[0m
[0mPOST /api/auth/login [32m200[0m 158.733 ms - 664[0m
[0mGET /api/workflows [36m304[0m 12.051 ms - -[0m
[0mGET /api/workflows [36m304[0m 1.351 ms - -[0m
[0mGET /api/workflows/144235dd-e37f-437d-9556-e1ec3734eb6f/connections [36m304[0m 32.636 ms - -[0m
[0mGET /api/workflows/144235dd-e37f-437d-9556-e1ec3734eb6f [32m200[0m 29.551 ms - -[0m
[0mGET /api/workflows/144235dd-e37f-437d-9556-e1ec3734eb6f/nodes [32m200[0m 36.249 ms - -[0m
[0mGET /api/workflows/144235dd-e37f-437d-9556-e1ec3734eb6f/connections [36m304[0m 2.611 ms - -[0m
[0mGET /api/workflows/144235dd-e37f-437d-9556-e1ec3734eb6f/nodes [36m304[0m 2.588 ms - -[0m
[0mGET /api/workflows/144235dd-e37f-437d-9556-e1ec3734eb6f [36m304[0m 2.576 ms - -[0m
[0mGET /api/workflows/144235dd-e37f-437d-9556-e1ec3734eb6f [36m304[0m 2.445 ms - -[0m
[0mGET /api/workflows/144235dd-e37f-437d-9556-e1ec3734eb6f [36m304[0m 6.994 ms - -[0m
[2026-06-02T16:53:17.711Z] [INFO] 节点更新成功:
{
  "nodeId": "120f07b8-8b5f-4f12-847d-994d7b069146",
  "userId": "eb748477-ab39-4cd3-9c18-8de0e83dc03e"
}
[0mPUT /api/nodes/120f07b8-8b5f-4f12-847d-994d7b069146 [32m200[0m 22.473 ms - 517[0m
[2026-06-02T16:53:18.960Z] [INFO] 节点更新成功:
{
  "nodeId": "45a63599-e909-48f8-a31c-d03f148ee403",
  "userId": "eb748477-ab39-4cd3-9c18-8de0e83dc03e"
}
[0mPUT /api/nodes/45a63599-e909-48f8-a31c-d03f148ee403 [32m200[0m 4.966 ms - 515[0m
[2026-06-02T16:53:20.311Z] [INFO] 节点更新成功:
{
  "nodeId": "45a63599-e909-48f8-a31c-d03f148ee403",
  "userId": "eb748477-ab39-4cd3-9c18-8de0e83dc03e"
}
[0mPUT /api/nodes/45a63599-e909-48f8-a31c-d03f148ee403 [32m200[0m 3.238 ms - 515[0m
[2026-06-02T16:53:21.027Z] [INFO] 节点更新成功:
{
  "nodeId": "45a63599-e909-48f8-a31c-d03f148ee403",
  "userId": "eb748477-ab39-4cd3-9c18-8de0e83dc03e"
}
[0mPUT /api/nodes/45a63599-e909-48f8-a31c-d03f148ee403 [32m200[0m 5.647 ms - 515[0m
[2026-06-02T16:53:22.267Z] [INFO] 节点更新成功:
{
  "nodeId": "45a63599-e909-48f8-a31c-d03f148ee403",
  "userId": "eb748477-ab39-4cd3-9c18-8de0e83dc03e"
}
[0mPUT /api/nodes/45a63599-e909-48f8-a31c-d03f148ee403 [32m200[0m 4.091 ms - 515[0m
[2026-06-02T16:53:23.755Z] [INFO] 节点更新成功:
{
  "nodeId": "120f07b8-8b5f-4f12-847d-994d7b069146",
  "userId": "eb748477-ab39-4cd3-9c18-8de0e83dc03e"
}
[0mPUT /api/nodes/120f07b8-8b5f-4f12-847d-994d7b069146 [32m200[0m 3.905 ms - 517[0m
[2026-06-02T16:53:27.100Z] [INFO] 节点添加成功:
{
  "nodeId": "cf1131b4-7d35-484a-a17a-3e929df06719",
  "workflowId": "144235dd-e37f-437d-9556-e1ec3734eb6f"
}
[0mPOST /api/workflows/144235dd-e37f-437d-9556-e1ec3734eb6f/nodes [32m201[0m 25.335 ms - 383[0m
[2026-06-02T16:53:28.681Z] [INFO] 节点更新成功:
{
  "nodeId": "cf1131b4-7d35-484a-a17a-3e929df06719",
  "userId": "eb748477-ab39-4cd3-9c18-8de0e83dc03e"
}
[0mPUT /api/nodes/cf1131b4-7d35-484a-a17a-3e929df06719 [32m200[0m 4.031 ms - 382[0m
[2026-06-02T16:53:30.930Z] [INFO] 节点更新成功:
{
  "nodeId": "cf1131b4-7d35-484a-a17a-3e929df06719",
  "userId": "eb748477-ab39-4cd3-9c18-8de0e83dc03e"
}
[0mPUT /api/nodes/cf1131b4-7d35-484a-a17a-3e929df06719 [32m200[0m 4.191 ms - 382[0m
[2026-06-02T16:53:34.421Z] [INFO] 连接添加成功:
{
  "connectionId": "0dfecb7a-52b4-4c85-b0ce-265fb66de78b",
  "workflowId": "144235dd-e37f-437d-9556-e1ec3734eb6f"
}
[0mPOST /api/workflows/144235dd-e37f-437d-9556-e1ec3734eb6f/connections [32m201[0m 6.693 ms - 339[0m
[0mGET /api/workflows [36m304[0m 5.899 ms - -[0m
[0mGET /api/workflows [36m304[0m 1.517 ms - -[0m
[0mGET /api/workflows/144235dd-e37f-437d-9556-e1ec3734eb6f/connections [32m200[0m 7.679 ms - -[0m
[0mGET /api/workflows/144235dd-e37f-437d-9556-e1ec3734eb6f/nodes [32m200[0m 13.800 ms - -[0m
[0mGET /api/workflows/144235dd-e37f-437d-9556-e1ec3734eb6f [32m200[0m 5.933 ms - -[0m
[0mGET /api/workflows/144235dd-e37f-437d-9556-e1ec3734eb6f [36m304[0m 2.502 ms - -[0m
[0mGET /api/workflows/144235dd-e37f-437d-9556-e1ec3734eb6f/connections [36m304[0m 4.122 ms - -[0m
[0mGET /api/workflows/144235dd-e37f-437d-9556-e1ec3734eb6f/nodes [36m304[0m 2.324 ms - -[0m
[0mGET /api/workflows/144235dd-e37f-437d-9556-e1ec3734eb6f [36m304[0m 2.861 ms - -[0m
[0mGET /api/workflows/144235dd-e37f-437d-9556-e1ec3734eb6f [36m304[0m 2.498 ms - -[0m
[0mGET /api/workflows [36m304[0m 3.816 ms - -[0m
[0mGET /api/workflows [36m304[0m 2.048 ms - -[0m
[0mPUT /api/workflows/144235dd-e37f-437d-9556-e1ec3734eb6f [32m200[0m 8.718 ms - 354[0m
[0mGET /api/workflows [32m200[0m 2.991 ms - 658[0m
[0mPUT /api/workflows/144235dd-e37f-437d-9556-e1ec3734eb6f [32m200[0m 5.861 ms - 353[0m
[0mGET /api/workflows [32m200[0m 2.074 ms - 657[0m
[0mGET /api/workflows/144235dd-e37f-437d-9556-e1ec3734eb6f/connections [36m304[0m 8.198 ms - -[0m
[0mGET /api/workflows/144235dd-e37f-437d-9556-e1ec3734eb6f/nodes [36m304[0m 7.516 ms - -[0m
[0mGET /api/workflows/144235dd-e37f-437d-9556-e1ec3734eb6f [32m200[0m 3.971 ms - -[0m
[0mGET /api/workflows/144235dd-e37f-437d-9556-e1ec3734eb6f/connections [36m304[0m 2.969 ms - -[0m
[0mGET /api/workflows/144235dd-e37f-437d-9556-e1ec3734eb6f/nodes [36m304[0m 2.716 ms - -[0m
[0mGET /api/workflows/144235dd-e37f-437d-9556-e1ec3734eb6f [36m304[0m 1.735 ms - -[0m
[0mGET /api/workflows/144235dd-e37f-437d-9556-e1ec3734eb6f [36m304[0m 6.920 ms - -[0m
[0mGET /api/workflows/144235dd-e37f-437d-9556-e1ec3734eb6f [36m304[0m 3.067 ms - -[0m
[0mGET /api/workflows [36m304[0m 1.873 ms - -[0m
[0mGET /api/workflows [36m304[0m 1.147 ms - -[0m
[0mGET /api/workflows/49cd08d6-f27a-40fc-ab48-1bc100192805 [36m304[0m 10.018 ms - -[0m
[0mGET /api/workflows/49cd08d6-f27a-40fc-ab48-1bc100192805/nodes [36m304[0m 8.394 ms - -[0m
[0mGET /api/workflows/49cd08d6-f27a-40fc-ab48-1bc100192805/connections [36m304[0m 7.986 ms - -[0m
[0mGET /api/workflows/49cd08d6-f27a-40fc-ab48-1bc100192805 [36m304[0m 3.426 ms - -[0m
[0mGET /api/workflows/49cd08d6-f27a-40fc-ab48-1bc100192805/connections [36m304[0m 4.197 ms - -[0m
[0mGET /api/workflows/49cd08d6-f27a-40fc-ab48-1bc100192805/nodes [36m304[0m 6.570 ms - -[0m
[0mGET /api/workflows/49cd08d6-f27a-40fc-ab48-1bc100192805 [36m304[0m 3.537 ms - -[0m
[0mGET /api/workflows/49cd08d6-f27a-40fc-ab48-1bc100192805 [36m304[0m 2.407 ms - -[0m
[2026-06-02T16:54:04.017Z] [INFO] 节点更新成功:
{
  "nodeId": "58ffaa47-8914-4ae6-a68c-210a22bf8418",
  "userId": "eb748477-ab39-4cd3-9c18-8de0e83dc03e"
}
[0mPUT /api/nodes/58ffaa47-8914-4ae6-a68c-210a22bf8418 [32m200[0m 4.767 ms - 531[0m
[2026-06-02T16:54:04.887Z] [INFO] 节点更新成功:
{
  "nodeId": "58ffaa47-8914-4ae6-a68c-210a22bf8418",
  "userId": "eb748477-ab39-4cd3-9c18-8de0e83dc03e"
}
[0mPUT /api/nodes/58ffaa47-8914-4ae6-a68c-210a22bf8418 [32m200[0m 9.843 ms - 531[0m
[2026-06-02T16:54:05.848Z] [INFO] 节点更新成功:
{
  "nodeId": "58ffaa47-8914-4ae6-a68c-210a22bf8418",
  "userId": "eb748477-ab39-4cd3-9c18-8de0e83dc03e"
}
[0mPUT /api/nodes/58ffaa47-8914-4ae6-a68c-210a22bf8418 [32m200[0m 3.879 ms - 531[0m
[2026-06-02T16:54:06.930Z] [INFO] 节点更新成功:
{
  "nodeId": "58ffaa47-8914-4ae6-a68c-210a22bf8418",
  "userId": "eb748477-ab39-4cd3-9c18-8de0e83dc03e"
}
[0mPUT /api/nodes/58ffaa47-8914-4ae6-a68c-210a22bf8418 [32m200[0m 5.399 ms - 531[0m
[2026-06-02T16:54:11.025Z] [INFO] 节点更新成功:
{
  "nodeId": "86a2892a-1a53-4cc7-a096-a6f916cf898e",
  "userId": "eb748477-ab39-4cd3-9c18-8de0e83dc03e"
}
[0mPUT /api/nodes/86a2892a-1a53-4cc7-a096-a6f916cf898e [32m200[0m 4.475 ms - 507[0m
[2026-06-02T16:54:12.355Z] [INFO] 节点更新成功:
{
  "nodeId": "86a2892a-1a53-4cc7-a096-a6f916cf898e",
  "userId": "eb748477-ab39-4cd3-9c18-8de0e83dc03e"
}
[0mPUT /api/nodes/86a2892a-1a53-4cc7-a096-a6f916cf898e [32m200[0m 5.727 ms - 506[0m
[0mGET /api/workflows/49cd08d6-f27a-40fc-ab48-1bc100192805/connections [36m304[0m 83.180 ms - -[0m
[0mGET /api/workflows/49cd08d6-f27a-40fc-ab48-1bc100192805/nodes [32m200[0m 103.995 ms - -[0m
[0mGET /api/workflows/49cd08d6-f27a-40fc-ab48-1bc100192805 [32m200[0m 92.693 ms - -[0m
[0mGET /api/auth/me [36m304[0m 35.914 ms - -[0m
[0mGET /api/auth/me [36m304[0m 1.662 ms - -[0m
[0mGET /api/workflows [36m304[0m 14.525 ms - -[0m
[0mGET /api/workflows [36m304[0m 2.243 ms - -[0m
[2026-06-02T17:20:08.807Z] [WARN] 认证失败:
"Invalid or expired token"
[0mGET /api/workflows/144235dd-e37f-437d-9556-e1ec3734eb6f/nodes [33m401[0m 4.926 ms - 69[0m
[2026-06-02T17:20:08.810Z] [WARN] 认证失败:
"Invalid or expired token"
[0mGET /api/workflows/144235dd-e37f-437d-9556-e1ec3734eb6f/connections [33m401[0m 0.556 ms - 69[0m
[2026-06-02T17:20:08.813Z] [WARN] 认证失败:
"Invalid or expired token"
[0mGET /api/workflows/144235dd-e37f-437d-9556-e1ec3734eb6f [33m401[0m 0.419 ms - 69[0m
[2026-06-02T17:20:08.814Z] [WARN] 认证失败:
"Invalid or expired token"
[0mGET /api/auth/me [33m401[0m 0.677 ms - 69[0m
[2026-06-02T17:20:08.815Z] [WARN] 认证失败:
"Invalid or expired token"
[0mGET /api/workflows/144235dd-e37f-437d-9556-e1ec3734eb6f/nodes [33m401[0m 0.365 ms - 69[0m
[2026-06-02T17:20:08.816Z] [WARN] 认证失败:
"Invalid or expired token"
[0mGET /api/workflows/144235dd-e37f-437d-9556-e1ec3734eb6f/connections [33m401[0m 0.521 ms - 69[0m
[2026-06-02T17:20:08.864Z] [WARN] 认证失败:
"Invalid or expired token"
[0mGET /api/workflows/144235dd-e37f-437d-9556-e1ec3734eb6f [33m401[0m 0.403 ms - 69[0m
[2026-06-02T17:20:08.864Z] [WARN] 认证失败:
"Invalid or expired token"
[0mGET /api/auth/me [33m401[0m 0.276 ms - 69[0m
[2026-06-02T17:20:08.897Z] [WARN] 认证失败:
"Invalid or expired token"
[0mGET /api/workflows/144235dd-e37f-437d-9556-e1ec3734eb6f [33m401[0m 0.379 ms - 69[0m
[2026-06-02T17:20:08.906Z] [WARN] 认证失败:
"Invalid or expired token"
[0mGET /api/workflows/144235dd-e37f-437d-9556-e1ec3734eb6f [33m401[0m 0.587 ms - 69[0m
[0mPOST /api/auth/login [32m200[0m 102.982 ms - 664[0m
[0mGET /api/workflows [36m304[0m 16.074 ms - -[0m
[0mGET /api/workflows [36m304[0m 1.418 ms - -[0m
[0mGET /api/workflows/144235dd-e37f-437d-9556-e1ec3734eb6f/connections [36m304[0m 40.502 ms - -[0m
[0mGET /api/workflows/144235dd-e37f-437d-9556-e1ec3734eb6f [36m304[0m 15.012 ms - -[0m
[0mGET /api/workflows/144235dd-e37f-437d-9556-e1ec3734eb6f/connections [36m304[0m 3.040 ms - -[0m
[0mGET /api/workflows/144235dd-e37f-437d-9556-e1ec3734eb6f [36m304[0m 2.436 ms - -[0m
[0mGET /api/workflows/144235dd-e37f-437d-9556-e1ec3734eb6f/nodes [36m304[0m 47.157 ms - -[0m
[0mGET /api/workflows/144235dd-e37f-437d-9556-e1ec3734eb6f [36m304[0m 4.028 ms - -[0m
[0mGET /api/workflows/144235dd-e37f-437d-9556-e1ec3734eb6f/nodes [36m304[0m 3.155 ms - -[0m
[0mGET /api/workflows/144235dd-e37f-437d-9556-e1ec3734eb6f [36m304[0m 2.543 ms - -[0m
[2026-06-02T17:26:20.587Z] [INFO] 节点更新成功:
{
  "nodeId": "45a63599-e909-48f8-a31c-d03f148ee403",
  "userId": "eb748477-ab39-4cd3-9c18-8de0e83dc03e"
}
[0mPUT /api/nodes/45a63599-e909-48f8-a31c-d03f148ee403 [32m200[0m 17.052 ms - 515[0m
[2026-06-02T17:26:21.370Z] [INFO] 节点更新成功:
{
  "nodeId": "45a63599-e909-48f8-a31c-d03f148ee403",
  "userId": "eb748477-ab39-4cd3-9c18-8de0e83dc03e"
}
[0mPUT /api/nodes/45a63599-e909-48f8-a31c-d03f148ee403 [32m200[0m 4.814 ms - 515[0m
[2026-06-02T17:26:22.227Z] [INFO] 节点更新成功:
{
  "nodeId": "45a63599-e909-48f8-a31c-d03f148ee403",
  "userId": "eb748477-ab39-4cd3-9c18-8de0e83dc03e"
}
[0mPUT /api/nodes/45a63599-e909-48f8-a31c-d03f148ee403 [32m200[0m 6.534 ms - 515[0m
[2026-06-02T17:26:23.005Z] [INFO] 节点更新成功:
{
  "nodeId": "54fa3442-cd71-4c3e-8313-2766b1127bdd",
  "userId": "eb748477-ab39-4cd3-9c18-8de0e83dc03e"
}
[0mPUT /api/nodes/54fa3442-cd71-4c3e-8313-2766b1127bdd [32m200[0m 6.404 ms - 520[0m
[2026-06-02T17:26:24.415Z] [INFO] 节点更新成功:
{
  "nodeId": "409859a3-80f0-4b10-85f5-7a2f58f0f018",
  "userId": "eb748477-ab39-4cd3-9c18-8de0e83dc03e"
}
[0mPUT /api/nodes/409859a3-80f0-4b10-85f5-7a2f58f0f018 [32m200[0m 4.230 ms - 561[0m
[2026-06-02T17:26:25.157Z] [INFO] 节点更新成功:
{
  "nodeId": "cf1131b4-7d35-484a-a17a-3e929df06719",
  "userId": "eb748477-ab39-4cd3-9c18-8de0e83dc03e"
}
[0mPUT /api/nodes/cf1131b4-7d35-484a-a17a-3e929df06719 [32m200[0m 4.059 ms - 382[0m
[2026-06-02T17:26:25.979Z] [INFO] 节点更新成功:
{
  "nodeId": "23131759-a341-4ceb-97c1-7c3b98409e00",
  "userId": "eb748477-ab39-4cd3-9c18-8de0e83dc03e"
}
[0mPUT /api/nodes/23131759-a341-4ceb-97c1-7c3b98409e00 [32m200[0m 10.074 ms - 533[0m
[2026-06-02T17:26:26.686Z] [INFO] 节点更新成功:
{
  "nodeId": "7cc612a1-e350-4fdf-b3a4-902fcac9e011",
  "userId": "eb748477-ab39-4cd3-9c18-8de0e83dc03e"
}
[0mPUT /api/nodes/7cc612a1-e350-4fdf-b3a4-902fcac9e011 [32m200[0m 4.704 ms - 527[0m
[2026-06-02T17:26:27.472Z] [INFO] 节点更新成功:
{
  "nodeId": "ebe61b0e-ac95-4230-ae37-bf6a6439c57d",
  "userId": "eb748477-ab39-4cd3-9c18-8de0e83dc03e"
}
[0mPUT /api/nodes/ebe61b0e-ac95-4230-ae37-bf6a6439c57d [32m200[0m 3.205 ms - 527[0m
[2026-06-02T17:26:28.591Z] [INFO] 节点更新成功:
{
  "nodeId": "45a63599-e909-48f8-a31c-d03f148ee403",
  "userId": "eb748477-ab39-4cd3-9c18-8de0e83dc03e"
}
[0mPUT /api/nodes/45a63599-e909-48f8-a31c-d03f148ee403 [32m200[0m 4.547 ms - 515[0m
[2026-06-02T17:26:29.058Z] [INFO] 节点更新成功:
{
  "nodeId": "45a63599-e909-48f8-a31c-d03f148ee403",
  "userId": "eb748477-ab39-4cd3-9c18-8de0e83dc03e"
}
[0mPUT /api/nodes/45a63599-e909-48f8-a31c-d03f148ee403 [32m200[0m 4.757 ms - 515[0m
[2026-06-02T17:26:29.744Z] [INFO] 节点更新成功:
{
  "nodeId": "45a63599-e909-48f8-a31c-d03f148ee403",
  "userId": "eb748477-ab39-4cd3-9c18-8de0e83dc03e"
}
[0mPUT /api/nodes/45a63599-e909-48f8-a31c-d03f148ee403 [32m200[0m 4.159 ms - 515[0m
[2026-06-02T17:26:30.564Z] [INFO] 节点更新成功:
{
  "nodeId": "45a63599-e909-48f8-a31c-d03f148ee403",
  "userId": "eb748477-ab39-4cd3-9c18-8de0e83dc03e"
}
[0mPUT /api/nodes/45a63599-e909-48f8-a31c-d03f148ee403 [32m200[0m 4.437 ms - 515[0m
[2026-06-02T17:26:31.501Z] [INFO] 节点更新成功:
{
  "nodeId": "45a63599-e909-48f8-a31c-d03f148ee403",
  "userId": "eb748477-ab39-4cd3-9c18-8de0e83dc03e"
}
[0mPUT /api/nodes/45a63599-e909-48f8-a31c-d03f148ee403 [32m200[0m 10.676 ms - 515[0m
[2026-06-02T17:26:31.825Z] [INFO] 节点删除成功:
{
  "nodeId": "45a63599-e909-48f8-a31c-d03f148ee403",
  "userId": "eb748477-ab39-4cd3-9c18-8de0e83dc03e"
}
[0mDELETE /api/nodes/45a63599-e909-48f8-a31c-d03f148ee403 [32m200[0m 9.198 ms - 53[0m
[2026-06-02T17:26:33.330Z] [INFO] 节点更新成功:
{
  "nodeId": "54fa3442-cd71-4c3e-8313-2766b1127bdd",
  "userId": "eb748477-ab39-4cd3-9c18-8de0e83dc03e"
}
[0mPUT /api/nodes/54fa3442-cd71-4c3e-8313-2766b1127bdd [32m200[0m 4.399 ms - 520[0m
[2026-06-02T17:26:38.688Z] [INFO] 节点更新成功:
{
  "nodeId": "54fa3442-cd71-4c3e-8313-2766b1127bdd",
  "userId": "eb748477-ab39-4cd3-9c18-8de0e83dc03e"
}
[0mPUT /api/nodes/54fa3442-cd71-4c3e-8313-2766b1127bdd [32m200[0m 9.848 ms - 522[0m
[2026-06-02T17:26:52.737Z] [INFO] 节点更新成功:
{
  "nodeId": "54fa3442-cd71-4c3e-8313-2766b1127bdd",
  "userId": "eb748477-ab39-4cd3-9c18-8de0e83dc03e"
}
[0mPUT /api/nodes/54fa3442-cd71-4c3e-8313-2766b1127bdd [32m200[0m 4.482 ms - 521[0m
[2026-06-02T17:26:54.317Z] [INFO] 节点更新成功:
{
  "nodeId": "cf1131b4-7d35-484a-a17a-3e929df06719",
  "userId": "eb748477-ab39-4cd3-9c18-8de0e83dc03e"
}
[0mPUT /api/nodes/cf1131b4-7d35-484a-a17a-3e929df06719 [32m200[0m 4.314 ms - 382[0m
[2026-06-02T17:27:08.057Z] [INFO] 节点更新成功:
{
  "nodeId": "23131759-a341-4ceb-97c1-7c3b98409e00",
  "userId": "eb748477-ab39-4cd3-9c18-8de0e83dc03e"
}
[0mPUT /api/nodes/23131759-a341-4ceb-97c1-7c3b98409e00 [32m200[0m 14.267 ms - 533[0m
[2026-06-02T17:27:10.673Z] [INFO] 节点更新成功:
{
  "nodeId": "cf1131b4-7d35-484a-a17a-3e929df06719",
  "userId": "eb748477-ab39-4cd3-9c18-8de0e83dc03e"
}
[0mPUT /api/nodes/cf1131b4-7d35-484a-a17a-3e929df06719 [32m200[0m 3.775 ms - 382[0m
[2026-06-02T17:27:13.218Z] [INFO] 节点删除成功:
{
  "nodeId": "23131759-a341-4ceb-97c1-7c3b98409e00",
  "userId": "eb748477-ab39-4cd3-9c18-8de0e83dc03e"
}
[0mDELETE /api/nodes/23131759-a341-4ceb-97c1-7c3b98409e00 [32m200[0m 3.321 ms - 53[0m
[2026-06-02T17:27:13.222Z] [INFO] 节点删除成功:
{
  "nodeId": "cf1131b4-7d35-484a-a17a-3e929df06719",
  "userId": "eb748477-ab39-4cd3-9c18-8de0e83dc03e"
}
[0mDELETE /api/nodes/cf1131b4-7d35-484a-a17a-3e929df06719 [32m200[0m 6.335 ms - 53[0m
[2026-06-02T17:27:20.483Z] [INFO] 节点添加成功:
{
  "nodeId": "0ae2749d-bdf8-4d89-9926-4d8fa9456a5f",
  "workflowId": "144235dd-e37f-437d-9556-e1ec3734eb6f"
}
[0mPOST /api/workflows/144235dd-e37f-437d-9556-e1ec3734eb6f/nodes [32m201[0m 22.600 ms - 382[0m
[2026-06-02T17:27:22.907Z] [INFO] 节点更新成功:
{
  "nodeId": "0ae2749d-bdf8-4d89-9926-4d8fa9456a5f",
  "userId": "eb748477-ab39-4cd3-9c18-8de0e83dc03e"
}
[0mPUT /api/nodes/0ae2749d-bdf8-4d89-9926-4d8fa9456a5f [32m200[0m 4.004 ms - 382[0m
[2026-06-02T17:27:23.554Z] [INFO] 节点删除成功:
{
  "nodeId": "0ae2749d-bdf8-4d89-9926-4d8fa9456a5f",
  "userId": "eb748477-ab39-4cd3-9c18-8de0e83dc03e"
}
[0mDELETE /api/nodes/0ae2749d-bdf8-4d89-9926-4d8fa9456a5f [32m200[0m 3.533 ms - 53[0m
[2026-06-02T17:27:25.785Z] [INFO] 节点添加成功:
{
  "nodeId": "08c81dd6-4547-4b82-8e6c-6c58503cf35d",
  "workflowId": "144235dd-e37f-437d-9556-e1ec3734eb6f"
}
[0mPOST /api/workflows/144235dd-e37f-437d-9556-e1ec3734eb6f/nodes [32m201[0m 4.806 ms - 384[0m
[2026-06-02T17:27:28.016Z] [INFO] 节点更新成功:
{
  "nodeId": "08c81dd6-4547-4b82-8e6c-6c58503cf35d",
  "userId": "eb748477-ab39-4cd3-9c18-8de0e83dc03e"
}
[0mPUT /api/nodes/08c81dd6-4547-4b82-8e6c-6c58503cf35d [32m200[0m 3.861 ms - 384[0m
[2026-06-02T17:27:28.243Z] [INFO] 节点删除成功:
{
  "nodeId": "08c81dd6-4547-4b82-8e6c-6c58503cf35d",
  "userId": "eb748477-ab39-4cd3-9c18-8de0e83dc03e"
}
[0mDELETE /api/nodes/08c81dd6-4547-4b82-8e6c-6c58503cf35d [32m200[0m 4.146 ms - 53[0m
[2026-06-02T17:27:31.678Z] [INFO] 节点添加成功:
{
  "nodeId": "a57d590c-c033-466a-8026-71f16e8985e6",
  "workflowId": "144235dd-e37f-437d-9556-e1ec3734eb6f"
}
[0mPOST /api/workflows/144235dd-e37f-437d-9556-e1ec3734eb6f/nodes [32m201[0m 3.474 ms - 390[0m
[2026-06-02T17:27:33.824Z] [INFO] 节点更新成功:
{
  "nodeId": "a57d590c-c033-466a-8026-71f16e8985e6",
  "userId": "eb748477-ab39-4cd3-9c18-8de0e83dc03e"
}
[0mPUT /api/nodes/a57d590c-c033-466a-8026-71f16e8985e6 [32m200[0m 3.175 ms - 390[0m
[2026-06-02T17:27:36.724Z] [INFO] 连接添加成功:
{
  "connectionId": "e30da7b9-d2e6-4f32-b2ba-3b4af0737e50",
  "workflowId": "144235dd-e37f-437d-9556-e1ec3734eb6f"
}
[0mPOST /api/workflows/144235dd-e37f-437d-9556-e1ec3734eb6f/connections [32m201[0m 7.085 ms - 343[0m
[2026-06-02T17:27:38.075Z] [INFO] 节点更新成功:
{
  "nodeId": "a57d590c-c033-466a-8026-71f16e8985e6",
  "userId": "eb748477-ab39-4cd3-9c18-8de0e83dc03e"
}
[0mPUT /api/nodes/a57d590c-c033-466a-8026-71f16e8985e6 [32m200[0m 4.899 ms - 390[0m
[2026-06-02T17:27:40.369Z] [INFO] 连接添加成功:
{
  "connectionId": "f2ba6b73-cc45-4567-be56-e04a14e1df7e",
  "workflowId": "144235dd-e37f-437d-9556-e1ec3734eb6f"
}
[0mPOST /api/workflows/144235dd-e37f-437d-9556-e1ec3734eb6f/connections [32m201[0m 17.301 ms - 340[0m
[2026-06-02T17:27:43.314Z] [INFO] 连接添加成功:
{
  "connectionId": "b8c2ca7b-6f2e-4a4d-bd3f-3c8af28f1dc3",
  "workflowId": "144235dd-e37f-437d-9556-e1ec3734eb6f"
}
[0mPOST /api/workflows/144235dd-e37f-437d-9556-e1ec3734eb6f/connections [32m201[0m 5.363 ms - 340[0m
[2026-06-02T17:27:46.015Z] [INFO] 节点更新成功:
{
  "nodeId": "a57d590c-c033-466a-8026-71f16e8985e6",
  "userId": "eb748477-ab39-4cd3-9c18-8de0e83dc03e"
}
[0mPUT /api/nodes/a57d590c-c033-466a-8026-71f16e8985e6 [32m200[0m 4.899 ms - 390[0m
[2026-06-02T17:27:47.295Z] [INFO] 节点更新成功:
{
  "nodeId": "7cc612a1-e350-4fdf-b3a4-902fcac9e011",
  "userId": "eb748477-ab39-4cd3-9c18-8de0e83dc03e"
}
[0mPUT /api/nodes/7cc612a1-e350-4fdf-b3a4-902fcac9e011 [32m200[0m 4.047 ms - 527[0m
[2026-06-02T17:27:48.905Z] [INFO] 节点更新成功:
{
  "nodeId": "ebe61b0e-ac95-4230-ae37-bf6a6439c57d",
  "userId": "eb748477-ab39-4cd3-9c18-8de0e83dc03e"
}
[0mPUT /api/nodes/ebe61b0e-ac95-4230-ae37-bf6a6439c57d [32m200[0m 4.338 ms - 527[0m
[2026-06-02T17:27:52.204Z] [INFO] 连接添加成功:
{
  "connectionId": "c49c04bc-465a-4f3e-b576-b3d354f67f6a",
  "workflowId": "144235dd-e37f-437d-9556-e1ec3734eb6f"
}
[0mPOST /api/workflows/144235dd-e37f-437d-9556-e1ec3734eb6f/connections [32m201[0m 4.157 ms - 339[0m
[2026-06-02T17:27:53.771Z] [INFO] 节点更新成功:
{
  "nodeId": "120f07b8-8b5f-4f12-847d-994d7b069146",
  "userId": "eb748477-ab39-4cd3-9c18-8de0e83dc03e"
}
[0mPUT /api/nodes/120f07b8-8b5f-4f12-847d-994d7b069146 [32m200[0m 4.763 ms - 517[0m
[2026-06-02T17:27:55.026Z] [INFO] 节点更新成功:
{
  "nodeId": "ebe61b0e-ac95-4230-ae37-bf6a6439c57d",
  "userId": "eb748477-ab39-4cd3-9c18-8de0e83dc03e"
}
[0mPUT /api/nodes/ebe61b0e-ac95-4230-ae37-bf6a6439c57d [32m200[0m 3.922 ms - 526[0m
[2026-06-02T17:27:56.397Z] [INFO] 节点更新成功:
{
  "nodeId": "120f07b8-8b5f-4f12-847d-994d7b069146",
  "userId": "eb748477-ab39-4cd3-9c18-8de0e83dc03e"
}
[0mPUT /api/nodes/120f07b8-8b5f-4f12-847d-994d7b069146 [32m200[0m 5.161 ms - 517[0m
[2026-06-02T17:27:57.691Z] [INFO] 节点更新成功:
{
  "nodeId": "a57d590c-c033-466a-8026-71f16e8985e6",
  "userId": "eb748477-ab39-4cd3-9c18-8de0e83dc03e"
}
[0mPUT /api/nodes/a57d590c-c033-466a-8026-71f16e8985e6 [32m200[0m 5.139 ms - 390[0m
[2026-06-02T17:27:59.412Z] [INFO] 节点更新成功:
{
  "nodeId": "120f07b8-8b5f-4f12-847d-994d7b069146",
  "userId": "eb748477-ab39-4cd3-9c18-8de0e83dc03e"
}
[0mPUT /api/nodes/120f07b8-8b5f-4f12-847d-994d7b069146 [32m200[0m 5.161 ms - 517[0m
[2026-06-02T17:28:00.399Z] [INFO] 节点更新成功:
{
  "nodeId": "54fa3442-cd71-4c3e-8313-2766b1127bdd",
  "userId": "eb748477-ab39-4cd3-9c18-8de0e83dc03e"
}
[0mPUT /api/nodes/54fa3442-cd71-4c3e-8313-2766b1127bdd [32m200[0m 5.337 ms - 520[0m
[2026-06-02T17:28:00.870Z] [INFO] 节点更新成功:
{
  "nodeId": "54fa3442-cd71-4c3e-8313-2766b1127bdd",
  "userId": "eb748477-ab39-4cd3-9c18-8de0e83dc03e"
}
[0mPUT /api/nodes/54fa3442-cd71-4c3e-8313-2766b1127bdd [32m200[0m 3.150 ms - 520[0m
[2026-06-02T17:28:04.712Z] [INFO] 节点更新成功:
{
  "nodeId": "ebe61b0e-ac95-4230-ae37-bf6a6439c57d",
  "userId": "eb748477-ab39-4cd3-9c18-8de0e83dc03e"
}
[0mPUT /api/nodes/ebe61b0e-ac95-4230-ae37-bf6a6439c57d [32m200[0m 6.441 ms - 526[0m
[2026-06-02T17:28:10.437Z] [INFO] 节点更新成功:
{
  "nodeId": "a57d590c-c033-466a-8026-71f16e8985e6",
  "userId": "eb748477-ab39-4cd3-9c18-8de0e83dc03e"
}
[0mPUT /api/nodes/a57d590c-c033-466a-8026-71f16e8985e6 [32m200[0m 11.343 ms - 390[0m
[2026-06-02T17:28:19.574Z] [INFO] 工作流保存成功
{
  "workflowId": "144235dd-e37f-437d-9556-e1ec3734eb6f"
}
[0mPUT /api/workflows/144235dd-e37f-437d-9556-e1ec3734eb6f/save [32m200[0m 28.643 ms - -[0m
[0mGET /api/workflows [36m304[0m 14.278 ms - -[0m
[0mGET /api/workflows [36m304[0m 1.582 ms - -[0m
[0mGET /api/workflows/49cd08d6-f27a-40fc-ab48-1bc100192805/nodes [36m304[0m 2.619 ms - -[0m
[0mGET /api/workflows/49cd08d6-f27a-40fc-ab48-1bc100192805 [36m304[0m 5.444 ms - -[0m
[0mGET /api/workflows/49cd08d6-f27a-40fc-ab48-1bc100192805/connections [36m304[0m 7.641 ms - -[0m
[0mGET /api/workflows/49cd08d6-f27a-40fc-ab48-1bc100192805/nodes [36m304[0m 4.443 ms - -[0m
[0mGET /api/workflows/49cd08d6-f27a-40fc-ab48-1bc100192805 [36m304[0m 4.776 ms - -[0m
[0mGET /api/workflows/49cd08d6-f27a-40fc-ab48-1bc100192805/connections [36m304[0m 3.376 ms - -[0m
[0mGET /api/workflows/49cd08d6-f27a-40fc-ab48-1bc100192805 [36m304[0m 3.541 ms - -[0m
[0mGET /api/workflows/49cd08d6-f27a-40fc-ab48-1bc100192805 [36m304[0m 2.125 ms - -[0m
[2026-06-02T17:28:33.275Z] [INFO] 节点更新成功:
{
  "nodeId": "58ffaa47-8914-4ae6-a68c-210a22bf8418",
  "userId": "eb748477-ab39-4cd3-9c18-8de0e83dc03e"
}
[0mPUT /api/nodes/58ffaa47-8914-4ae6-a68c-210a22bf8418 [32m200[0m 4.352 ms - 531[0m
[2026-06-02T17:28:46.618Z] [INFO] 工作流保存成功
{
  "workflowId": "49cd08d6-f27a-40fc-ab48-1bc100192805"
}
[0mPUT /api/workflows/49cd08d6-f27a-40fc-ab48-1bc100192805/save [32m200[0m 30.313 ms - -[0m
[0mGET /api/workflows [36m304[0m 4.533 ms - -[0m
[0mGET /api/workflows [36m304[0m 1.455 ms - -[0m
[0mGET /api/workflows/144235dd-e37f-437d-9556-e1ec3734eb6f/nodes [32m200[0m 4.873 ms - -[0m
[0mGET /api/workflows/144235dd-e37f-437d-9556-e1ec3734eb6f [32m200[0m 3.238 ms - -[0m
[0mGET /api/workflows/144235dd-e37f-437d-9556-e1ec3734eb6f/connections [32m200[0m 4.937 ms - -[0m
[0mGET /api/workflows/144235dd-e37f-437d-9556-e1ec3734eb6f/nodes [36m304[0m 3.083 ms - -[0m
[0mGET /api/workflows/144235dd-e37f-437d-9556-e1ec3734eb6f [36m304[0m 4.382 ms - -[0m
[0mGET /api/workflows/144235dd-e37f-437d-9556-e1ec3734eb6f/connections [36m304[0m 6.187 ms - -[0m
[0mGET /api/workflows/144235dd-e37f-437d-9556-e1ec3734eb6f [36m304[0m 2.409 ms - -[0m
[0mGET /api/workflows/144235dd-e37f-437d-9556-e1ec3734eb6f [36m304[0m 3.917 ms - -[0m
[0mGET /api/workflows [36m304[0m 1.583 ms - -[0m
[0mGET /api/workflows [36m304[0m 2.229 ms - -[0m
[0mGET /api/workflows/49cd08d6-f27a-40fc-ab48-1bc100192805 [32m200[0m 2.383 ms - -[0m
[0mGET /api/workflows/49cd08d6-f27a-40fc-ab48-1bc100192805/nodes [32m200[0m 4.339 ms - -[0m
[0mGET /api/workflows/49cd08d6-f27a-40fc-ab48-1bc100192805 [36m304[0m 3.460 ms - -[0m
[0mGET /api/workflows/49cd08d6-f27a-40fc-ab48-1bc100192805/nodes [36m304[0m 1.552 ms - -[0m
[0mGET /api/workflows/49cd08d6-f27a-40fc-ab48-1bc100192805/connections [32m200[0m 1.544 ms - -[0m
[0mGET /api/workflows/49cd08d6-f27a-40fc-ab48-1bc100192805 [36m304[0m 3.830 ms - -[0m
[0mGET /api/workflows/49cd08d6-f27a-40fc-ab48-1bc100192805/connections [36m304[0m 3.198 ms - -[0m
[0mGET /api/workflows/49cd08d6-f27a-40fc-ab48-1bc100192805 [36m304[0m 2.197 ms - -[0m
[0mGET /api/workflows [36m304[0m 2.633 ms - -[0m
[0mGET /api/workflows [36m304[0m 1.051 ms - -[0m
[0mGET /api/workflows/144235dd-e37f-437d-9556-e1ec3734eb6f/nodes [36m304[0m 36.504 ms - -[0m
[0mGET /api/workflows/144235dd-e37f-437d-9556-e1ec3734eb6f/connections [36m304[0m 33.062 ms - -[0m
[0mGET /api/workflows/144235dd-e37f-437d-9556-e1ec3734eb6f [36m304[0m 33.094 ms - -[0m
[0mGET /api/workflows/144235dd-e37f-437d-9556-e1ec3734eb6f/nodes [36m304[0m 3.377 ms - -[0m
[0mGET /api/workflows/144235dd-e37f-437d-9556-e1ec3734eb6f [36m304[0m 1.620 ms - -[0m
[0mGET /api/workflows/144235dd-e37f-437d-9556-e1ec3734eb6f/connections [36m304[0m 3.776 ms - -[0m
[0mGET /api/workflows/144235dd-e37f-437d-9556-e1ec3734eb6f [36m304[0m 2.225 ms - -[0m
[0mGET /api/workflows/144235dd-e37f-437d-9556-e1ec3734eb6f [36m304[0m 2.314 ms - -[0m
[2026-06-02T17:53:25.002Z] [WARN] 认证失败:
"Invalid or expired token"
[0mGET /api/workflows/144235dd-e37f-437d-9556-e1ec3734eb6f/nodes [33m401[0m 32.646 ms - 69[0m
[2026-06-02T17:53:25.022Z] [WARN] 认证失败:
"Invalid or expired token"
[0mGET /api/workflows/144235dd-e37f-437d-9556-e1ec3734eb6f/connections [33m401[0m 7.630 ms - 69[0m
[2026-06-02T17:53:25.029Z] [WARN] 认证失败:
"Invalid or expired token"
[0mGET /api/workflows/144235dd-e37f-437d-9556-e1ec3734eb6f [33m401[0m 0.939 ms - 69[0m
[2026-06-02T17:53:25.250Z] [WARN] 认证失败:
"Invalid or expired token"
[0mGET /api/workflows/144235dd-e37f-437d-9556-e1ec3734eb6f [33m401[0m 0.912 ms - 69[0m
